{
  "fr": {
    "language": "fr",
    "switch": {
      "short": "version courte",
      "full": "version longue"
    },
    "text": [
      {
        "title": "60 ans de construction européenne",
        "content": "<p><i>Soixante ans d’une Union toujours en paix ! D’une réconciliation initiée dans un traité signé à Rome entre des frères autrefois ennemis, aujourd’hui partenaires...</i></p><p>Première ambassadrice des valeurs humanistes héritées des Lumières, l’Union européenne a diffusé ces idéaux par delà ses frontières. Six à l’origine, nous sommes aujourd’hui vingt-sept à partager cette ambition au sein d’une même Union.</p><p class=\"collapse\">Bien plus que des valeurs, c’est une Europe du quotidien que nous partageons. Ce sont des frais d’itinérance supprimés dès juin 2017, une traçabilité alimentaire qui nous protège, les mêmes pièces dans notre porte-monnaie à Berlin comme à Athènes. Ce sont aussi tous nos déplacements qui sont facilités et encouragés quand on voyage aussi facilement entre Paris et Nice qu’entre Toulouse et Barcelone, rien qu’en France, près de 350000 de travailleurs frontaliers bénéficient chaque jour de la liberté de circulation.</p><p class=\"collapse\">Sommes-nous devenus les enfants gâtés d’un monde où près d’une personne sur dix ne mange toujours pas à sa faim (<a href=\"https://fr.wfp.org/faim/faits-et-chiffres\">source</a>) ?</p><p>Oui, l’Union européenne est imparfaite. À force de démissions successives de nos dirigeants, elle s’est faite autour du commerce et a délaissé l’aspiration sociale et sécuritaire de nos sociétés.</p><p><em>Reconnaissons-le pour l’améliorer, pour NOUS améliorer !</em></p>"
      },
      {
        "title": "L’heure n’est plus à la démission",
        "content": "<p>Notre relation à l’Europe est faite de lâchetés successives et de renoncements du quotidien. Nos gouvernements ont trop souvent manqué de franchise et n’ont pas eu l’honnêteté d’assumer leur propre position devant leurs peuples. Avant d’accuser la technocratie bruxelloise, portons un regard lucide sur les positions qui sont défendues à Bruxelles par nos représentants.</p><p class=\"collapse\">L’avenir sera fait de nombreuses épreuves auxquelles il nous faut nous préparer. Le changement climatique et les bouleversements géopolitiques mettent déjà sous tension nos défenses communes alors même qu’elles sont encore à renforcer, ou à inventer. Dans ce contexte, il n’y a pas de reniement possible.</p><p class=\"collapse\">Dans ce contexte, seules la discussion, l’audace et l’exemplarité fonderont un projet correspondant aux attentes des peuples européens pour répondre aux défis de notre siècle. Nous sommes convaincus que seul un projet commun maintiendra notre rang dans le concert des nations, avec une Europe aujourd’hui considérée comme une terre d’asile, respectueuse du droit et prospère.</p><p>Piégées entre des pays continents, États-Unis, Chine, Inde, Brésil, nos nations n’auront bientôt plus le poids suffisant pour défendre seules leur droit à décider d’elles-même.</p><p><em>L’Union européenne est désormais l’échelle où se défend notre souveraineté.</em></p>"
      },
      {
        "title": "La France, au cœur d’un renouveau européen",
        "content": "<p>Les 23 avril et 7 mai prochains, les Français se prononceront dans les urnes pour élire celui qui portera l’avenir de la France en Europe et dans le monde. Puis viendra l’Allemagne, puis l’Italie. L’élection présidentielle française peut être le premier domino d’une nouvelle dynamique en Europe. Avec ces votes, se redessinera le visage de l’Union pour les prochaines années.</p><p class=\"collapse\">2017 peut être l’année où les Français redonneront à l’Europe sa vocation originelle : protéger nos valeurs et préserver nos intérêts. Il est temps que l’Europe ne soit plus présentée comme une contrainte : elle nous appartient. Parce que l’Europe c’est NOUS. Et qu’il ne tient qu’à NOUS de la changer.</p><p class=\"collapse\">À l’image de nos aînés qui ont créé la Communauté européenne du charbon et de l’acier en 1950, il nous faut nous aussi agir, ensemble, pour relever les défis de notre temps : changement climatique, révolution numérique, souveraineté économique, protection commerciale, sécurité et migrations.</p><p class=\"collapse\">Ce qui se joue lors de cette élection, c’est la capacité de la France à engager l’Union européenne dans l’avenir, avec ses partenaires. Le choix des Français devra se porter sur un président qui assumera les vérités nécessaires à la refondation du projet européen et enfin faire entendre une autre voix que celle de l’accablement systématique de « Bruxelles ».</p><p><em>Plutôt que la complainte du rejet et les sirènes du repli, une voix forte pour la France et l’Europe.</em></p>"
      },
      {
        "title": "Avec Emmanuel Macron, une nouvelle dynamique pour l'Union",
        "content": "<p>Au cœur des débats qui agitent l’opinion française, seul Emmanuel Macron fait applaudir l'Europe pour ce qu’elle est : imparfaite mais perfectible.</p><p class=\"collapse\">Aujourd’hui, nous espérons que 2017, plus qu’un sursaut, sera l'année d'un renouveau européen. En conscience, Emmanuel Macron rappelle que « notre défi, ce ne sont pas nos petites guérillas, c'est de savoir comment l'Europe existe, défend sa vision, ses intérêts et se protège dans ce monde d'incertitudes » !</p><p>Son audace sert l'ambition de restaurer le projet politique européen en remettant le citoyen en son cœur, quand le sentiment général est à l'épuisement des idées et des méthodes.</p><p class=\"collapse\"><b>NOUS SOMMES PRÊTS</b> à accompagner les Conventions démocratiques qu’Emmanuel Macron propose d’organiser partout en Europe, pour que les citoyens fassent émerger eux-mêmes les priorités politiques de l'Union !</p><p class=\"collapse\"><b>NOUS SOMMES PRÊTS</b> à promouvoir une souveraineté retrouvée, à donner à l’Union européenne les moyens d’engager les réformes qu’il nous faut réaliser ensemble !</p><p class=\"collapse\"><b>NOUS SOMMES PRÊTS</b> à défendre les valeurs de l’Europe et commencer la refondation de l'Union !</p><p><em>Pour l’avenir de l’Europe et pour le futur des Européens,<br>En Marche !</em></p>"
      }
    ]
  },
  "en": {
    "language": "en",
    "switch": {
      "short": "short version",
      "full": "long version"
    },
    "text": [
      {
        "title": "60 years of European integration",
        "content": "<p><i>Sixty years in the Union and we’re still living in peace! Everything began as a reconciliation scheme signed in a treaty in Rome between erstwhile arch-enemies, and now thriving partners.</i></p><p>As the foremost representative of the liberal values inherited from the Enlightenment Age, the European Union spread these ideals beyond its borders. Founded as a 6-member club, the Union now gathers 27 countries around this grand ambition.</p><p class=\"collapse\">Besides values, Europe is the sharing of day-to-day benefits. Abolished roaming charges from June 2017, a safeguarding food traceability, the same coins in wallets from Berlin to Athens. Travelling has never been so easy with no passport nor visa required for travels within the Union. Just looking at the French case, more than 350,000 cross-border workers enjoy this freedom everyday.</p><p class=\"collapse\">Have we become spoilt in a world in which hunger still gnaws on one in ten persons (<a href=\"https://fr.wfp.org/faim/faits-et-chiffres\">source</a>) ?</p><p>The Union of course suffers from flaws. Through the successive abandonments of our leaders, it has been built around trade while the yearning for social rights and more security has been neglected.</p><p><em>Let us admit this shortcoming to better our Union, to better OURSELVES !</em></p>"
      },
      {
        "title": "Now is the time to end resignation",
        "content": "<p>Our relationship with Europe is fraught with successive acts of cowardice and abdications. Our governments have too often lacked candor and have not been honest enough to take responsibility for their positions before their peoples. Before denouncing the Brussels technocracy, let us look candidly at which positions are defended by our own governments before the European institutions.</p><p class=\"collapse\">The future will emerge from numerous hardships for which we need to make preparations. Climate change and the consecutive geopolitical upheaval are already testing our common defenses while the latter are still being invented. In such a context, there can be no turning back.</p><p class=\"collapse\">In such a context, only dialogue, daring and exemplariness will found the new project European peoples yearn for. We strongly believe that only a common project will allow Europe to maintain its rank within the concert of nations. It must strive to remain a thriving land of refuge abiding to Human Rights.</p><p>Locked between continental countries, the United States, China, India, Brazil, our nations will soon struggle to fend for themselves for the right to decide their destiny.</p><p><em>Embracing the European Union is now the only way to defend our sovereignty.</em></p>"
      },
      {
        "title": "France spearheading a European renewal",
        "content": "<p>On April 23rd and May 7th, the French voters will decide on the future of France and Europe. Then will come the turn of German voters, then the Italians. The French presidential elections can spark off a new dynamic across the continent. With these elections, the Union will be reshaped for the years to come.</p><p class=\"collapse\">2017 can thus be the year in which the French return Europe its original mission: shield our values and defend our interests. Time has come to stop portraying Europe as a mere constraint: it belongs to us. Because Europe is US, WE must push to change it.</p><p class=\"collapse\">Walking in the footsteps of our elders who founded the European Steel and Coal Community in 1950, we must act together to address the challenges of our time : climate change, digital revolution, economic sovereignty, trade protection, security and migrations.</p><p class=\"collapse\">France’s ability to draw a future for the European Union with its partners it at stake. The French voters’ choice needs to pinpoint a President who will take responsibility for the necessary truths to found the European project anew. Chastising Brussels <i>ad nauseam</i> is over.</p><p><em>Rather than whining and summoning old dreams, a new rallying cry for France and Europe.</em></p>"
      },
      {
        "title": "Emmanuel Macron, a new impetus to the Union",
        "content": "<p>On this French presidential campaign trail, only one candidate, Emmanuel Macron, has Europe applauded for what it is : an imperfect object in need of improvements.</p><p class=\"collapse\">Today, we hope that 2017 will be more than just a wake-up call but the year of a European renewal. Fully aware, Emmanuel Macron reminds us that \"our challenge is not putting an end to our squabbles but to determine how Europe exists, defends its vision, its interests and shields itself in this unpredictable world\" !</p><p>His boldness serves the ambition of restoring the European political project. Emmanuel Macron places the European citizen at the heart of this project when mainstream opinions have run short of new ideas and methods.</p><p class=\"collapse\"><b>WE ARE READY</b> to support the democratic Conventions proposed by Emmanuel Macron to let European citizens decide for themselves the future political priorities of the Union !</p><p class=\"collapse\"><b>WE ARE READY</b> to promote a new-found sovereignty, to give to the European Union the means to implement together the necessary reforms !</p><p class=\"collapse\"><b>WE ARE READY</b> to fight for the European values and launch the refoundation of the Union !</p><p><em>For Europe’s future and for the Europeans’ future,<br>On The Move !</em></p>"
      }
    ]
  }
}