[{"firstname":"Adeline","lastname":"Cottier","country":"FR","signature":"\/data\/signatures\/adeline_cottier_FR_1489054590.svg"},{"firstname":"Henri","lastname":"Torrent","country":"FR","signature":"\/data\/signatures\/henri_torrent_FR_1489053827.svg"},{"firstname":"Bruno","lastname":"MOGGIA","country":"FR","signature":"\/data\/signatures\/bruno_moggia_FR_1489053544.svg"},{"firstname":"F\u00e9lix ","lastname":"Herrenschmidt ","country":"FR","signature":"\/data\/signatures\/f\u00e9lix _herrenschmidt _FR_1489053378.svg"},{"firstname":"Louis","lastname":"Gill","country":"UK","signature":"\/data\/signatures\/louis_gill_UK_1489053135.svg"},{"firstname":"Fran\u00e7oise","lastname":"CARIOU","country":"FR","signature":"\/data\/signatures\/fran\u00e7oise_cariou_FR_1489050937.svg"},{"firstname":"Fanny","lastname":"Devaux","country":"BE","signature":"\/data\/signatures\/fanny_devaux_BE_1489050898.svg"},{"firstname":"sylvain","lastname":"giraud","country":"FR","signature":"\/data\/signatures\/sylvain_giraud_FR_1489050221.svg"},{"firstname":"Steven","lastname":"Bray","country":"UK","signature":"\/data\/signatures\/steven_bray_UK_1489049876.svg"},{"firstname":"Susanna","lastname":"Leissle ","country":"UK","signature":"\/data\/signatures\/susanna_leissle _UK_1489049724.svg"},{"firstname":"Vivi","lastname":"Cole","country":"UK","signature":"\/data\/signatures\/vivi_cole_UK_1489049328.svg"},{"firstname":"Dany","lastname":"DASSONVILLE","country":"FR","signature":"\/data\/signatures\/dany_dassonville_FR_1489049214.svg"},{"firstname":"JACQUES","lastname":"MARTIN","country":"FR","signature":"\/data\/signatures\/jacques_martin_FR_1489049159.svg"},{"firstname":"Philippe","lastname":"NESTOR","country":"FR","signature":"\/data\/signatures\/philippe_nestor_FR_1489047937.svg"},{"firstname":"Patrick ","lastname":"Leconte ","country":"FR","signature":"\/data\/signatures\/patrick _leconte _FR_1489047643.svg"},{"firstname":"Aur\u00e9lien","lastname":"Becker","country":"FR","signature":"\/data\/signatures\/aur\u00e9lien_becker_FR_1489047490.svg"},{"firstname":"Diane","lastname":"Vandesmet","country":"FR","signature":"\/data\/signatures\/diane_vandesmet_FR_1489047168.svg"},{"firstname":"Freddy ","lastname":"Vallerant ","country":"FR","signature":"\/data\/signatures\/freddy _vallerant _FR_1489045881.svg"},{"firstname":"C\u00e9dric","lastname":"Derozier","country":"FR","signature":"\/data\/signatures\/c\u00e9dric_derozier_FR_1489045720.svg"},{"firstname":"Nicolle ","lastname":"Nicolle Lionel","country":"FR","signature":"\/data\/signatures\/nicolle _nicolle lionel_FR_1489044266.svg"},{"firstname":"Fr\u00e9d\u00e9ric","lastname":"PERROLLAZ","country":"FR","signature":"\/data\/signatures\/fr\u00e9d\u00e9ric_perrollaz_FR_1489042716.svg"},{"firstname":"Pascal","lastname":"Renaud","country":"FR","signature":"\/data\/signatures\/pascal_renaud_FR_1489041772.svg"},{"firstname":"Valerie","lastname":"Weinling","country":"FR","signature":"\/data\/signatures\/valerie_weinling_FR_1489041433.svg"},{"firstname":"Line","lastname":"GACHET","country":"FR","signature":"\/data\/signatures\/line_gachet_FR_1489041145.svg"},{"firstname":"Genevi\u00e8ve ","lastname":"Nival ","country":"FR","signature":"\/data\/signatures\/genevi\u00e8ve _nival _FR_1489040783.svg"},{"firstname":"Isabelle ","lastname":"Roelandt","country":"FR","signature":"\/data\/signatures\/isabelle _roelandt_FR_1489038842.svg"},{"firstname":"Marc","lastname":"Djan","country":"FR","signature":"\/data\/signatures\/marc_djan_FR_1489037225.svg"},{"firstname":"Ludovic ","lastname":"Kendra Ny","country":"FR","signature":"\/data\/signatures\/ludovic _kendra ny_FR_1489034893.svg"},{"firstname":"Cyril ","lastname":"Petraru","country":"FR","signature":"\/data\/signatures\/cyril _petraru_FR_1489029514.svg"},{"firstname":"Sarah","lastname":"Glass","country":"UK","signature":"\/data\/signatures\/sarah_glass_UK_1489027359.svg"},{"firstname":"Michel","lastname":"Giusti","country":"FR","signature":"\/data\/signatures\/michel_giusti_FR_1489025699.svg"},{"firstname":"Micka\u00ebl ","lastname":"Littiere","country":"FR","signature":"\/data\/signatures\/micka\u00ebl _littiere_FR_1489023108.svg"},{"firstname":"Izaak","lastname":"Earl","country":"UK","signature":"\/data\/signatures\/izaak_earl_UK_1489021884.svg"},{"firstname":"Dorothy ","lastname":"Brunton","country":"UK","signature":"\/data\/signatures\/dorothy _brunton_UK_1489019051.svg"},{"firstname":"Martin","lastname":"Waddington","country":"UK","signature":"\/data\/signatures\/martin_waddington_UK_1489018815.svg"},{"firstname":"Charalampos","lastname":"Giannakopoulos","country":"BE","signature":"\/data\/signatures\/charalampos_giannakopoulos_BE_1489018081.svg"},{"firstname":"Nicole","lastname":"Prevezanou","country":"GR","signature":"\/data\/signatures\/nicole_prevezanou_GR_1489018037.svg"},{"firstname":"Jean-Fran\u00e7ois","lastname":"Brouet","country":"FR","signature":"\/data\/signatures\/jean-fran\u00e7ois_brouet_FR_1489017401.svg"},{"firstname":"Morgan ","lastname":"Besnard ","country":"FR","signature":"\/data\/signatures\/morgan _besnard _FR_1489017087.svg"},{"firstname":"Clo\u00e9","lastname":"CHAPELET","country":"FR","signature":"\/data\/signatures\/clo\u00e9_chapelet_FR_1489015195.svg"},{"firstname":"Dimitri","lastname":"Guerin-Morel","country":"FR","signature":"\/data\/signatures\/dimitri_guerin-morel_FR_1489015071.svg"},{"firstname":"Fr\u00e9d\u00e9ric ","lastname":"Terrier","country":"FR","signature":"\/data\/signatures\/fr\u00e9d\u00e9ric _terrier_FR_1489014941.svg"},{"firstname":"G\u00e9rard","lastname":"Bouquet","country":"FR","signature":"\/data\/signatures\/g\u00e9rard_bouquet_FR_1489014703.svg"},{"firstname":"Guilherme","lastname":"Schneider","country":"UK","signature":"\/data\/signatures\/guilherme_schneider_UK_1489013598.svg"},{"firstname":"Ben","lastname":"Thomas","country":"UK","signature":"\/data\/signatures\/ben_thomas_UK_1489013419.svg"},{"firstname":"Hermione ","lastname":"Peace","country":"UK","signature":"\/data\/signatures\/hermione _peace_UK_1489013232.svg"},{"firstname":"Joshua","lastname":"Gladwin","country":"UK","signature":"\/data\/signatures\/joshua_gladwin_UK_1489012792.svg"},{"firstname":"Joshua ","lastname":"Gladwin","country":"UK","signature":"\/data\/signatures\/joshua _gladwin_UK_1489012568.svg"},{"firstname":"Finley","lastname":"Judge","country":"UK","signature":"\/data\/signatures\/finley_judge_UK_1489012389.svg"},{"firstname":"Laurent","lastname":"Queige","country":"FR","signature":"\/data\/signatures\/laurent_queige_FR_1489012259.svg"},{"firstname":"Jean-Charles","lastname":"MAURICE","country":"FR","signature":"\/data\/signatures\/jean-charles_maurice_FR_1489012258.svg"},{"firstname":"Manuel","lastname":"Andersen","country":"FR","signature":"\/data\/signatures\/manuel_andersen_FR_1489012163.svg"},{"firstname":"Jordan","lastname":"Montgomery","country":"UK","signature":"\/data\/signatures\/jordan_montgomery_UK_1489012041.svg"},{"firstname":"Nicolas","lastname":"Boisselier ","country":"FR","signature":"\/data\/signatures\/nicolas_boisselier _FR_1489011401.svg"},{"firstname":"ismail","lastname":"ASCOFARE","country":"FR","signature":"\/data\/signatures\/ismail_ascofare_FR_1489011338.svg"},{"firstname":"Matthew","lastname":"Minikin","country":"UK","signature":"\/data\/signatures\/matthew_minikin_UK_1489011174.svg"},{"firstname":"Floris","lastname":"Legrand","country":"FR","signature":"\/data\/signatures\/floris_legrand_FR_1489011170.svg"},{"firstname":"Sle\u00efman","lastname":"Chirara","country":"FR","signature":"\/data\/signatures\/sle\u00efman_chirara_FR_1489010897.svg"},{"firstname":"Thierry","lastname":"Craon","country":"FR","signature":"\/data\/signatures\/thierry_craon_FR_1489010502.svg"},{"firstname":"Andy","lastname":"Ballingall","country":"UK","signature":"\/data\/signatures\/andy_ballingall_UK_1489010228.svg"},{"firstname":"Charlie","lastname":"Kingsbury","country":"UK","signature":"\/data\/signatures\/charlie_kingsbury_UK_1489010181.svg"},{"firstname":"Stuart","lastname":"Wheatcroft","country":"UK","signature":"\/data\/signatures\/stuart_wheatcroft_UK_1489010160.svg"},{"firstname":"Charlie","lastname":"Kingsbury","country":"UK","signature":"\/data\/signatures\/charlie_kingsbury_UK_1489010135.svg"},{"firstname":"Alma","lastname":"Rota","country":"FR","signature":"\/data\/signatures\/alma_rota_FR_1489010131.svg"},{"firstname":"Fabio","lastname":"Bonfante","country":"IT","signature":"\/data\/signatures\/fabio_bonfante_IT_1489009973.svg"},{"firstname":"Sullivan","lastname":"Gauville","country":"FR","signature":"\/data\/signatures\/sullivan_gauville_FR_1489009728.svg"},{"firstname":"OLivier","lastname":"Nollet","country":"FR","signature":"\/data\/signatures\/olivier_nollet_FR_1489009637.svg"},{"firstname":"Jean","lastname":"Goudmand","country":"FR","signature":"\/data\/signatures\/jean_goudmand_FR_1489009296.svg"},{"firstname":"Anick","lastname":"Rapine","country":"FR","signature":"\/data\/signatures\/anick_rapine_FR_1489009281.svg"},{"firstname":"Patrick","lastname":"Verignon","country":"FR","signature":"\/data\/signatures\/patrick_verignon_FR_1489008980.svg"},{"firstname":"Jean","lastname":"Goudmand","country":"FR","signature":"\/data\/signatures\/jean_goudmand_FR_1489008977.svg"},{"firstname":"isabelle","lastname":"NEGRIER","country":"DE","signature":"\/data\/signatures\/isabelle_negrier_DE_1489008573.svg"},{"firstname":"Francisco Javier","lastname":"Herrero de las Heras","country":"ES","signature":"\/data\/signatures\/francisco javier_herrero de las heras_ES_1489008540.svg"},{"firstname":"Ana\u00efs","lastname":"AUGER","country":"FR","signature":"\/data\/signatures\/ana\u00efs_auger_FR_1489008515.svg"},{"firstname":"Franck","lastname":"Le Roy","country":"FR","signature":"\/data\/signatures\/franck_le roy_FR_1489008274.svg"},{"firstname":"Ludovic","lastname":"Benmokhtar","country":"FR","signature":"\/data\/signatures\/ludovic_benmokhtar_FR_1489008167.svg"},{"firstname":"Odile","lastname":"CHARNY","country":"FR","signature":"\/data\/signatures\/odile_charny_FR_1489007734.svg"},{"firstname":"Patrick","lastname":"Imbernon","country":"FR","signature":"\/data\/signatures\/patrick_imbernon_FR_1489007631.svg"},{"firstname":"Roberto ","lastname":"Pasquarelli ","country":"FR","signature":"\/data\/signatures\/roberto _pasquarelli _FR_1489007199.svg"},{"firstname":"Diego ","lastname":"De Castro Polo ","country":"ES","signature":"\/data\/signatures\/diego _de castro polo _ES_1489007029.svg"},{"firstname":"Armand","lastname":"Bergera","country":"BE","signature":"\/data\/signatures\/armand_bergera_BE_1489006723.svg"},{"firstname":"Arnaud","lastname":"Parienty","country":"FR","signature":"\/data\/signatures\/arnaud_parienty_FR_1489005193.svg"},{"firstname":"Benjamin","lastname":"Huet","country":"FR","signature":"\/data\/signatures\/benjamin_huet_FR_1489004713.svg"},{"firstname":"Alain","lastname":"Rosart","country":"FR","signature":"\/data\/signatures\/alain_rosart_FR_1489004142.svg"},{"firstname":"Janet ","lastname":"Taylor","country":"UK","signature":"\/data\/signatures\/janet _taylor_UK_1489003818.svg"},{"firstname":"Ludwig","lastname":"Roger","country":"FR","signature":"\/data\/signatures\/ludwig_roger_FR_1489003465.svg"},{"firstname":"Tiago","lastname":"Pereira","country":"PO","signature":"\/data\/signatures\/tiago_pereira_PO_1489002922.svg"},{"firstname":"Guillaume","lastname":"Capard","country":"FR","signature":"\/data\/signatures\/guillaume_capard_FR_1489002773.svg"},{"firstname":"Ludovic","lastname":"Kiennemann","country":"FR","signature":"\/data\/signatures\/ludovic_kiennemann_FR_1489002698.svg"},{"firstname":"Jean-louis","lastname":"Trouv\u00e9","country":"FR","signature":"\/data\/signatures\/jean-louis_trouv\u00e9_FR_1489001470.svg"},{"firstname":"Antoine ","lastname":"ALH\u00c9RITI\u00c8RE ","country":"FR","signature":"\/data\/signatures\/antoine _alh\u00c9riti\u00c8re _FR_1489001273.svg"},{"firstname":"Herv\u00e9","lastname":"PINEAU","country":"FR","signature":"\/data\/signatures\/herv\u00e9_pineau_FR_1489001267.svg"},{"firstname":"Jean-Pierre ","lastname":"Maurel","country":"FR","signature":"\/data\/signatures\/jean-pierre _maurel_FR_1489001203.svg"},{"firstname":"andrew","lastname":"reynolds","country":"UK","signature":"\/data\/signatures\/andrew_reynolds_UK_1489001172.svg"},{"firstname":"Maxime","lastname":"Konzelmann","country":"FR","signature":"\/data\/signatures\/maxime_konzelmann_FR_1489000397.svg"},{"firstname":"Beatrice","lastname":"Sanson","country":"FR","signature":"\/data\/signatures\/beatrice_sanson_FR_1489000135.svg"},{"firstname":"thierry","lastname":"cremel","country":"FR","signature":"\/data\/signatures\/thierry_cremel_FR_1488999934.svg"},{"firstname":"Eileen","lastname":"Ben Hassel","country":"FR","signature":"\/data\/signatures\/eileen_ben hassel_FR_1488999074.svg"},{"firstname":"Francis","lastname":"GORI","country":"FR","signature":"\/data\/signatures\/francis_gori_FR_1488999033.svg"},{"firstname":"Susan ","lastname":"Lilley","country":"UK","signature":"\/data\/signatures\/susan _lilley_UK_1488998392.svg"},{"firstname":"Thomas","lastname":"Stevenson","country":"UK","signature":"\/data\/signatures\/thomas_stevenson_UK_1488998355.svg"},{"firstname":"Jacqueline","lastname":"Pintus ","country":"FR","signature":"\/data\/signatures\/jacqueline_pintus _FR_1488998220.svg"},{"firstname":"Catherine","lastname":"Gosset","country":"FR","signature":"\/data\/signatures\/catherine_gosset_FR_1488998077.svg"},{"firstname":"Jacqueline ","lastname":"Pintus","country":"FR","signature":"\/data\/signatures\/jacqueline _pintus_FR_1488998036.svg"},{"firstname":"Florent ","lastname":"Cadiou","country":"FR","signature":"\/data\/signatures\/florent _cadiou_FR_1488998010.svg"},{"firstname":"emanuel","lastname":"cohu","country":"FR","signature":"\/data\/signatures\/emanuel_cohu_FR_1488997885.svg"},{"firstname":"Etienne","lastname":"Riot","country":"FR","signature":"\/data\/signatures\/etienne_riot_FR_1488997647.svg"},{"firstname":"C\u00e9cilia ","lastname":"ROLLAND","country":"FR","signature":"\/data\/signatures\/c\u00e9cilia _rolland_FR_1488997522.svg"},{"firstname":"Fabrice","lastname":"MAYAUD","country":"FR","signature":"\/data\/signatures\/fabrice_mayaud_FR_1488997465.svg"},{"firstname":"Claude","lastname":"Encenas","country":"FR","signature":"\/data\/signatures\/claude_encenas_FR_1488997146.svg"},{"firstname":"Katherine ","lastname":"Keleko ","country":"FR","signature":"\/data\/signatures\/katherine _keleko _FR_1488996769.svg"},{"firstname":"Julien","lastname":"Cheval","country":"FR","signature":"\/data\/signatures\/julien_cheval_FR_1488996766.svg"},{"firstname":"Lucy","lastname":"Young","country":"FR","signature":"\/data\/signatures\/lucy_young_FR_1488996411.svg"},{"firstname":"Matthieu","lastname":"Bouvet","country":"FR","signature":"\/data\/signatures\/matthieu_bouvet_FR_1488996180.svg"},{"firstname":"Arthur","lastname":"Weber","country":"FR","signature":"\/data\/signatures\/arthur_weber_FR_1488995971.svg"},{"firstname":"Nathalie","lastname":"Ribes","country":"FR","signature":"\/data\/signatures\/nathalie_ribes_FR_1488995643.svg"},{"firstname":"John","lastname":"Adams","country":"FR","signature":"\/data\/signatures\/john_adams_FR_1488995239.svg"},{"firstname":"Badia ","lastname":"Zrari ","country":"FR","signature":"\/data\/signatures\/badia _zrari _FR_1488995000.svg"},{"firstname":"Alex","lastname":"Gallo","country":"ES","signature":"\/data\/signatures\/alex_gallo_ES_1488994907.svg"},{"firstname":"martial","lastname":"lehoux","country":"FR","signature":"\/data\/signatures\/martial_lehoux_FR_1488994893.svg"},{"firstname":"Alain","lastname":"Gillot","country":"FR","signature":"\/data\/signatures\/alain_gillot_FR_1488994876.svg"},{"firstname":"Natalia","lastname":"Gallo","country":"ES","signature":"\/data\/signatures\/natalia_gallo_ES_1488994843.svg"},{"firstname":"Philippe ","lastname":"Perroud ","country":"FR","signature":"\/data\/signatures\/philippe _perroud _FR_1488994764.svg"},{"firstname":"Aur\u00e9lien","lastname":"Sarrosquy","country":"FR","signature":"\/data\/signatures\/aur\u00e9lien_sarrosquy_FR_1488994374.svg"},{"firstname":"Catherine","lastname":"D'OVIDIO","country":"FR","signature":"\/data\/signatures\/catherine_d'ovidio_FR_1488994301.svg"},{"firstname":"david","lastname":"elvira","country":"FR","signature":"\/data\/signatures\/david_elvira_FR_1488993954.svg"},{"firstname":"Steve","lastname":"Coxon","country":"UK","signature":"\/data\/signatures\/steve_coxon_UK_1488993519.svg"},{"firstname":"Dominique","lastname":"CHAUSSEC DELECOUR","country":"FR","signature":"\/data\/signatures\/dominique_chaussec delecour_FR_1488993262.svg"},{"firstname":"Corinne","lastname":"Laroche","country":"FR","signature":"\/data\/signatures\/corinne_laroche_FR_1488992999.svg"},{"firstname":"Veronique ","lastname":"VIAS ","country":"FR","signature":"\/data\/signatures\/veronique _vias _FR_1488992939.svg"},{"firstname":"Igor","lastname":"Caldeira","country":"PO","signature":"\/data\/signatures\/igor_caldeira_PO_1488992908.svg"},{"firstname":"Daniel","lastname":"Vlachos","country":"FR","signature":"\/data\/signatures\/daniel_vlachos_FR_1488992827.svg"},{"firstname":"Jean","lastname":"LACARIN","country":"FR","signature":"\/data\/signatures\/jean_lacarin_FR_1488992817.svg"},{"firstname":"Olivier ","lastname":"Muller ","country":"FR","signature":"\/data\/signatures\/olivier _muller _FR_1488992600.svg"},{"firstname":"Vincent","lastname":"Bonniol ","country":"FR","signature":"\/data\/signatures\/vincent_bonniol _FR_1488992477.svg"},{"firstname":"Julien","lastname":"Dupont","country":"FR","signature":"\/data\/signatures\/julien_dupont_FR_1488991859.svg"},{"firstname":"Linda","lastname":"Brown","country":"FR","signature":"\/data\/signatures\/linda_brown_FR_1488991594.svg"},{"firstname":"Jean-Claude","lastname":"GENEVE","country":"FR","signature":"\/data\/signatures\/jean-claude_geneve_FR_1488991580.svg"},{"firstname":"Guillaume ","lastname":"Houot","country":"FR","signature":"\/data\/signatures\/guillaume _houot_FR_1488991568.svg"},{"firstname":"Rachel-Flore","lastname":"Pardo","country":"FR","signature":"\/data\/signatures\/rachel-flore_pardo_FR_1488991236.svg"},{"firstname":"Denys","lastname":"Millet","country":"FR","signature":"\/data\/signatures\/denys_millet_FR_1488990774.svg"},{"firstname":"Jean-Claude","lastname":"Baurain","country":"FR","signature":"\/data\/signatures\/jean-claude_baurain_FR_1488990774.svg"},{"firstname":"James","lastname":"Gilmour","country":"UK","signature":"\/data\/signatures\/james_gilmour_UK_1488990722.svg"},{"firstname":"Claire ","lastname":"CHARBAGI GARCELON","country":"FR","signature":"\/data\/signatures\/claire _charbagi garcelon_FR_1488990569.svg"},{"firstname":"Henri","lastname":"GOLDSZER","country":"FR","signature":"\/data\/signatures\/henri_goldszer_FR_1488990567.svg"},{"firstname":"Ana Luiza","lastname":"Blanchard Meneses","country":"FR","signature":"\/data\/signatures\/ana luiza_blanchard meneses_FR_1488990457.svg"},{"firstname":"Mahel","lastname":"SIFER","country":"FR","signature":"\/data\/signatures\/mahel_sifer_FR_1488990434.svg"},{"firstname":"Danica","lastname":"Vihinen","country":"FN","signature":"\/data\/signatures\/danica_vihinen_FN_1488990061.svg"},{"firstname":"Jocelyne","lastname":"Smythers","country":"UK","signature":"\/data\/signatures\/jocelyne_smythers_UK_1488989979.svg"},{"firstname":"Annie ","lastname":"OUKOLOFF-GOLDSZER ","country":"FR","signature":"\/data\/signatures\/annie _oukoloff-goldszer _FR_1488989962.svg"},{"firstname":"Vincent","lastname":"Delhomme","country":"FR","signature":"\/data\/signatures\/vincent_delhomme_FR_1488989923.svg"},{"firstname":"Didier","lastname":"Krainc ","country":"FR","signature":"\/data\/signatures\/didier_krainc _FR_1488989921.svg"},{"firstname":"Michael","lastname":"Freiherr von Gallera","country":"FR","signature":"\/data\/signatures\/michael_freiherr von gallera_FR_1488989893.svg"},{"firstname":"Yanis","lastname":"Bacha","country":"FR","signature":"\/data\/signatures\/yanis_bacha_FR_1488989765.svg"},{"firstname":"Sonia","lastname":"Alani","country":"UK","signature":"\/data\/signatures\/sonia_alani_UK_1488989739.svg"},{"firstname":"Francis","lastname":"Martinet","country":"FR","signature":"\/data\/signatures\/francis_martinet_FR_1488989716.svg"},{"firstname":"Antonin","lastname":"Barr\u00e9 ","country":"FR","signature":"\/data\/signatures\/antonin_barr\u00e9 _FR_1488989602.svg"},{"firstname":"gladys","lastname":"peign\u00e9","country":"FR","signature":"\/data\/signatures\/gladys_peign\u00e9_FR_1488989528.svg"},{"firstname":"Bertrand","lastname":"DUCLUZEAU","country":"FR","signature":"\/data\/signatures\/bertrand_ducluzeau_FR_1488989494.svg"},{"firstname":"Matt","lastname":"Orton Smith","country":"UK","signature":"\/data\/signatures\/matt_orton smith_UK_1488989394.svg"},{"firstname":"Fiona","lastname":"Karimjee","country":"UK","signature":"\/data\/signatures\/fiona_karimjee_UK_1488989285.svg"},{"firstname":"Pascale","lastname":"Mespoulede redding","country":"FR","signature":"\/data\/signatures\/pascale_mespoulede redding_FR_1488989123.svg"},{"firstname":"Pascale","lastname":"Mespoulede redding","country":"FR","signature":"\/data\/signatures\/pascale_mespoulede redding_FR_1488988948.svg"},{"firstname":"Joe","lastname":"Toovey","country":"UK","signature":"\/data\/signatures\/joe_toovey_UK_1488988896.svg"},{"firstname":"Vegard","lastname":"L\u00f8knes","country":"--","signature":"\/data\/signatures\/vegard_l\u00f8knes_--_1488988862.svg"},{"firstname":"Antoine","lastname":"Malandain","country":"FR","signature":"\/data\/signatures\/antoine_malandain_FR_1488988751.svg"},{"firstname":"Joshua","lastname":"Dixon","country":"UK","signature":"\/data\/signatures\/joshua_dixon_UK_1488988616.svg"},{"firstname":"Bruno","lastname":"COHEN","country":"FR","signature":"\/data\/signatures\/bruno_cohen_FR_1488988533.svg"},{"firstname":"Richard","lastname":"Steeden","country":"UK","signature":"\/data\/signatures\/richard_steeden_UK_1488988511.svg"},{"firstname":"Patrice","lastname":"BRIAND","country":"FR","signature":"\/data\/signatures\/patrice_briand_FR_1488988228.svg"},{"firstname":"Laetitia","lastname":"Buffet","country":"FR","signature":"\/data\/signatures\/laetitia_buffet_FR_1488988219.svg"},{"firstname":"Yan","lastname":"Malinowski ","country":"UK","signature":"\/data\/signatures\/yan_malinowski _UK_1488987954.svg"},{"firstname":"B\u00e9n\u00e9dicte","lastname":"Bergeaud","country":"FR","signature":"\/data\/signatures\/b\u00e9n\u00e9dicte_bergeaud_FR_1488987946.svg"},{"firstname":"Lo\u00efc","lastname":"Moser","country":"FR","signature":"\/data\/signatures\/lo\u00efc_moser_FR_1488987789.svg"},{"firstname":"Michel","lastname":"Mimon","country":"FR","signature":"\/data\/signatures\/michel_mimon_FR_1488987745.svg"},{"firstname":"Emmanuel ","lastname":"MANISCALCO ","country":"FR","signature":"\/data\/signatures\/emmanuel _maniscalco _FR_1488987288.svg"},{"firstname":"Didier","lastname":"Roux","country":"FR","signature":"\/data\/signatures\/didier_roux_FR_1488987242.svg"},{"firstname":"Christian","lastname":"W\u00e9litz","country":"FR","signature":"\/data\/signatures\/christian_w\u00e9litz_FR_1488987240.svg"},{"firstname":"Didier ","lastname":"Miericke ","country":"FR","signature":"\/data\/signatures\/didier _miericke _FR_1488987127.svg"},{"firstname":"Fran\u00e7ois","lastname":"Roche","country":"FR","signature":"\/data\/signatures\/fran\u00e7ois_roche_FR_1488986965.svg"},{"firstname":"Bernard","lastname":"LAUREAU","country":"FR","signature":"\/data\/signatures\/bernard_laureau_FR_1488986950.svg"},{"firstname":"Antoine ","lastname":"Hubault ","country":"FR","signature":"\/data\/signatures\/antoine _hubault _FR_1488986761.svg"},{"firstname":"gerard","lastname":"rinche","country":"FR","signature":"\/data\/signatures\/gerard_rinche_FR_1488986677.svg"},{"firstname":"C\u00e9dric","lastname":"Verdeaux","country":"FR","signature":"\/data\/signatures\/c\u00e9dric_verdeaux_FR_1488986605.svg"},{"firstname":"Romain","lastname":"Pascal","country":"FR","signature":"\/data\/signatures\/romain_pascal_FR_1488986559.svg"},{"firstname":"Martin","lastname":"Launay ","country":"UK","signature":"\/data\/signatures\/martin_launay _UK_1488986489.svg"},{"firstname":"GILLES","lastname":"PLUQUET","country":"FR","signature":"\/data\/signatures\/gilles_pluquet_FR_1488986097.svg"},{"firstname":"El\u00e9na","lastname":"Carillo ","country":"FR","signature":"\/data\/signatures\/el\u00e9na_carillo _FR_1488986092.svg"},{"firstname":"Karl ","lastname":"Grobelny ","country":"FR","signature":"\/data\/signatures\/karl _grobelny _FR_1488986072.svg"},{"firstname":"H\u00e9l\u00e8ne","lastname":"Bott\u00e9","country":"FR","signature":"\/data\/signatures\/h\u00e9l\u00e8ne_bott\u00e9_FR_1488986006.svg"},{"firstname":"J\u00fcrgen","lastname":"Kn\u00f6dlseder","country":"FR","signature":"\/data\/signatures\/j\u00fcrgen_kn\u00f6dlseder_FR_1488985726.svg"},{"firstname":"Richard","lastname":"PEYNOT","country":"FR","signature":"\/data\/signatures\/richard_peynot_FR_1488985662.svg"},{"firstname":"Philippe","lastname":"SARRE","country":"FR","signature":"\/data\/signatures\/philippe_sarre_FR_1488985573.svg"},{"firstname":"Isabelle ","lastname":"Lenoir ","country":"FR","signature":"\/data\/signatures\/isabelle _lenoir _FR_1488985564.svg"},{"firstname":"Eugenia","lastname":"Varela","country":"FR","signature":"\/data\/signatures\/eugenia_varela_FR_1488985085.svg"},{"firstname":"Benjamin","lastname":"Schifres","country":"CZ","signature":"\/data\/signatures\/benjamin_schifres_CZ_1488985000.svg"},{"firstname":"K\u00e9vin","lastname":"Le Nouail","country":"FR","signature":"\/data\/signatures\/k\u00e9vin_le nouail_FR_1488984958.svg"},{"firstname":"Anton","lastname":"Georgiou","country":"UK","signature":"\/data\/signatures\/anton_georgiou_UK_1488984919.svg"},{"firstname":"Louis","lastname":"Delahaie","country":"FR","signature":"\/data\/signatures\/louis_delahaie_FR_1488984866.svg"},{"firstname":"Jack","lastname":"Worrall","country":"UK","signature":"\/data\/signatures\/jack_worrall_UK_1488983046.svg"},{"firstname":"Jean","lastname":"PERROT","country":"FR","signature":"\/data\/signatures\/jean_perrot_FR_1488982857.svg"},{"firstname":"Edmund","lastname":"Dean","country":"UK","signature":"\/data\/signatures\/edmund_dean_UK_1488982853.svg"},{"firstname":"Fran\u00e7ois","lastname":"Terranova","country":"FR","signature":"\/data\/signatures\/fran\u00e7ois_terranova_FR_1488982789.svg"},{"firstname":"Sarah","lastname":"Bouchon","country":"BE","signature":"\/data\/signatures\/sarah_bouchon_BE_1488982715.svg"},{"firstname":"Hannah","lastname":"Bettsworth","country":"ES","signature":"\/data\/signatures\/hannah_bettsworth_ES_1488982692.svg"},{"firstname":"Cadan","lastname":"ap Tomos ","country":"UK","signature":"\/data\/signatures\/cadan_ap tomos _UK_1488982674.svg"},{"firstname":"Ahmed","lastname":"Ben Lamine","country":"--","signature":"\/data\/signatures\/ahmed_ben lamine_--_1488982611.svg"},{"firstname":"Jack","lastname":"Worrall","country":"UK","signature":"\/data\/signatures\/jack_worrall_UK_1488982386.svg"},{"firstname":"Andrew","lastname":"Martin","country":"UK","signature":"\/data\/signatures\/andrew_martin_UK_1488982258.svg"},{"firstname":"gw\u00e9na\u00eblle","lastname":"gr\u00e9goire","country":"FR","signature":"\/data\/signatures\/gw\u00e9na\u00eblle_gr\u00e9goire_FR_1488981954.svg"},{"firstname":"Thomas","lastname":"Dachary","country":"FR","signature":"\/data\/signatures\/thomas_dachary_FR_1488981789.svg"},{"firstname":"Wadson","lastname":"Jean-Baptiste ","country":"FR","signature":"\/data\/signatures\/wadson_jean-baptiste _FR_1488981368.svg"},{"firstname":"Sandra","lastname":"Topin","country":"FR","signature":"\/data\/signatures\/sandra_topin_FR_1488981219.svg"},{"firstname":"Sandrine","lastname":"Croatto","country":"FR","signature":"\/data\/signatures\/sandrine_croatto_FR_1488980902.svg"},{"firstname":"Micha\u00ebl","lastname":"Brouard","country":"FR","signature":"\/data\/signatures\/micha\u00ebl_brouard_FR_1488980327.svg"},{"firstname":"valerie","lastname":"planchez","country":"FR","signature":"\/data\/signatures\/valerie_planchez_FR_1488979935.svg"},{"firstname":"H\u00e9l\u00e8ne","lastname":"LEGER","country":"FR","signature":"\/data\/signatures\/h\u00e9l\u00e8ne_leger_FR_1488979902.svg"},{"firstname":"Richard","lastname":"BEN ZEKRI","country":"FR","signature":"\/data\/signatures\/richard_ben zekri_FR_1488979890.svg"},{"firstname":"Gw\u00e9nola","lastname":"DINET","country":"FR","signature":"\/data\/signatures\/gw\u00e9nola_dinet_FR_1488979796.svg"},{"firstname":"Jean-Louis","lastname":"BRUNEAU","country":"FR","signature":"\/data\/signatures\/jean-louis_bruneau_FR_1488979686.svg"},{"firstname":"Nicolas","lastname":"Maramotti","country":"FR","signature":"\/data\/signatures\/nicolas_maramotti_FR_1488979511.svg"},{"firstname":"David","lastname":"Bergeon","country":"DN","signature":"\/data\/signatures\/david_bergeon_DN_1488979489.svg"},{"firstname":"Danielle","lastname":"Le Nabour","country":"FR","signature":"\/data\/signatures\/danielle_le nabour_FR_1488979485.svg"},{"firstname":"Armand","lastname":"Lang","country":"FR","signature":"\/data\/signatures\/armand_lang_FR_1488979272.svg"},{"firstname":"Anne-Ad\u00e9la\u00efde","lastname":"S\u00e9guy","country":"FR","signature":"\/data\/signatures\/anne-ad\u00e9la\u00efde_s\u00e9guy_FR_1488979209.svg"},{"firstname":"Francoise","lastname":"Rambeaud","country":"FR","signature":"\/data\/signatures\/francoise_rambeaud_FR_1488979170.svg"},{"firstname":"Jacqueline ","lastname":"Le Guidec","country":"FR","signature":"\/data\/signatures\/jacqueline _le guidec_FR_1488979015.svg"},{"firstname":"Sofiane","lastname":"MESSAOUDI","country":"FR","signature":"\/data\/signatures\/sofiane_messaoudi_FR_1488979006.svg"},{"firstname":"Philippe","lastname":"Hagn\u00e9r\u00e9 ","country":"FR","signature":"\/data\/signatures\/philippe_hagn\u00e9r\u00e9 _FR_1488978661.svg"},{"firstname":"Jean","lastname":"EASTABROOK","country":"FR","signature":"\/data\/signatures\/jean_eastabrook_FR_1488978581.svg"},{"firstname":"Andrea de Bertier","lastname":"de Bertier","country":"FR","signature":"\/data\/signatures\/andrea de bertier_de bertier_FR_1488978563.svg"},{"firstname":"michael","lastname":"dubois","country":"FR","signature":"\/data\/signatures\/michael_dubois_FR_1488978518.svg"},{"firstname":"Jean-Fran\u00e7ois","lastname":"CUINET","country":"FR","signature":"\/data\/signatures\/jean-fran\u00e7ois_cuinet_FR_1488978394.svg"},{"firstname":"Bernadette","lastname":"MARTIN-MOLIN","country":"FR","signature":"\/data\/signatures\/bernadette_martin-molin_FR_1488977844.svg"},{"firstname":"Florence","lastname":"BERNET","country":"00","signature":"\/data\/signatures\/florence_bernet.svg"},{"firstname":"David","lastname":"DUVAL","country":"00","signature":"\/data\/signatures\/david_duval.svg"},{"firstname":"Laetitia","lastname":"VARIN","country":"FR","signature":"\/data\/signatures\/laetitia _varin_FR_1488974665.svg"},{"firstname":"Elliott","lastname":"BERNARD","country":"00","signature":"\/data\/signatures\/elliott_bernard.svg"},{"firstname":"Patrick","lastname":"RAINER","country":"AU","signature":"\/data\/signatures\/patrick_rainer_AU_1488968842.svg"},{"firstname":"Thomas","lastname":"GALLEY","country":"DE","signature":"\/data\/signatures\/thomas_galley_DE_1488974874.svg"},{"firstname":"Gervais","lastname":"BARTH\u00e9LEMY","country":"00","signature":"\/data\/signatures\/gervais_barth\u00e9lemy_1488967726.svg"},{"firstname":"Christian","lastname":"SILVESTRE","country":"00","signature":"\/data\/signatures\/christian_silvestre.svg"},{"firstname":"Tatiana","lastname":"BOILOT","country":"00","signature":"\/data\/signatures\/tatiana_boilot.svg"},{"firstname":"Bernard","lastname":"LESIUK","country":"00","signature":"\/data\/signatures\/bernard_lesiuk.svg"},{"firstname":"Claude","lastname":"SONMEZ","country":"00","signature":"\/data\/signatures\/claude_sonmez.svg"},{"firstname":"Micheline","lastname":"HONORE","country":"00","signature":"\/data\/signatures\/micheline_honore .svg"},{"firstname":"Jerome","lastname":"TURPIN","country":"FR","signature":"\/data\/signatures\/jerome_turpin_FR_1488970522.svg"},{"firstname":"Martin","lastname":"JOURDAN","country":"00","signature":"\/data\/signatures\/martin_jourdan.svg"},{"firstname":"Roopa","lastname":"CHAUHAN","country":"FR","signature":"\/data\/signatures\/roopa_chauhan_FR_1488973834.svg"},{"firstname":"Maxime","lastname":"LELI\u00e8VRE","country":"00","signature":"\/data\/signatures\/maxime _leli\u00e8vre.svg"},{"firstname":"Jacques","lastname":"REYNAUD","country":"00","signature":"\/data\/signatures\/jacques_reynaud.svg"},{"firstname":"Nora","lastname":"ACAYA","country":"00","signature":"\/data\/signatures\/nora_acaya_1488968065.svg"},{"firstname":"Marion","lastname":"SOURY","country":"00","signature":"\/data\/signatures\/marion_soury.svg"},{"firstname":"Abdoulaye","lastname":"TOUR\u00e9","country":"00","signature":"\/data\/signatures\/abdoulaye_tour\u00e9.svg"},{"firstname":"Benjamin","lastname":"FIEVET","country":"00","signature":"\/data\/signatures\/benjamin_fievet.svg"},{"firstname":"Antonin","lastname":"BOUCHEZ","country":"FR","signature":"\/data\/signatures\/antonin_bouchez_FR_1488972006.svg"},{"firstname":"Morgan-paul","lastname":"CORBI\u00e8RES","country":"00","signature":"\/data\/signatures\/morgan-paul_corbi\u00e8res .svg"},{"firstname":"Estelle","lastname":"LOZACHMEUR","country":"00","signature":"\/data\/signatures\/estelle_lozachmeur .svg"},{"firstname":"Damien","lastname":"LEROY","country":"00","signature":"\/data\/signatures\/damien _leroy .svg"},{"firstname":"Francis","lastname":"BORNSTEIN","country":"00","signature":"\/data\/signatures\/francis_bornstein_1488967655.svg"},{"firstname":"Jean marie","lastname":"DE HULSTER","country":"00","signature":"\/data\/signatures\/jean marie_de hulster.svg"},{"firstname":"Ulysse","lastname":"BONNAIRE-DUMOULIN","country":"00","signature":"\/data\/signatures\/ulysse_bonnaire-dumoulin.svg"},{"firstname":"Florian","lastname":"DELRIEU","country":"FR","signature":"\/data\/signatures\/florian _delrieu _FR_1488977399.svg"},{"firstname":"Benoit","lastname":"RAMOZZI","country":"FR","signature":"\/data\/signatures\/benoit _ramozzi_FR_1488976630.svg"},{"firstname":"Yves","lastname":"TURBAT","country":"FR","signature":"\/data\/signatures\/yves_turbat_FR_1488973409.svg"},{"firstname":"Philippe","lastname":"CH\u00e2TRY","country":"00","signature":"\/data\/signatures\/philippe_ch\u00e2try.svg"},{"firstname":"Jean-marie","lastname":"FI\u00c9VET","country":"FR","signature":"\/data\/signatures\/jean-marie_fi\u00c9vet _FR_1488974832.svg"},{"firstname":"Herv\u00e9","lastname":"GR\u00c9LARD","country":"00","signature":"\/data\/signatures\/herv\u00e9_gr\u00c9lard.svg"},{"firstname":"Catherine","lastname":"GADIOU","country":"00","signature":"\/data\/signatures\/catherine _gadiou.svg"},{"firstname":"Bertrand","lastname":"DE CORDOUE","country":"00","signature":"\/data\/signatures\/bertrand_de cordoue.svg"},{"firstname":"Claire","lastname":"VERNET-GARNIER","country":"00","signature":"\/data\/signatures\/claire_vernet-garnier.svg"},{"firstname":"Marie","lastname":"GODET","country":"00","signature":"\/data\/signatures\/marie_godet.svg"},{"firstname":"Chantal","lastname":"PAGES","country":"FR","signature":"\/data\/signatures\/chantal_pages_FR_1488970085.svg"},{"firstname":"Romain","lastname":"COLIN","country":"FR","signature":"\/data\/signatures\/romain_colin_FR_1488976158.svg"},{"firstname":"Jacques","lastname":"MAZARD","country":"00","signature":"\/data\/signatures\/jacques_mazard.svg"},{"firstname":"Patrick","lastname":"SAMY","country":"00","signature":"\/data\/signatures\/patrick_samy_1488967595.svg"},{"firstname":"Yves","lastname":"PENNEC","country":"00","signature":"\/data\/signatures\/yves_pennec.svg"},{"firstname":"Bastien","lastname":"RACCARY","country":"00","signature":"\/data\/signatures\/bastien_raccary.svg"},{"firstname":"Ang\u00e8le","lastname":"COU\u00ebLLAN","country":"00","signature":"\/data\/signatures\/ang\u00e8le_cou\u00ebllan.svg"},{"firstname":"Fran\u00e7ois","lastname":"MOUILLAUD","country":"00","signature":"\/data\/signatures\/fran\u00e7ois_mouillaud.svg"},{"firstname":"Xavier","lastname":"GINOUX","country":"00","signature":"\/data\/signatures\/xavier_ginoux.svg"},{"firstname":"Annick","lastname":"LE DUFF","country":"00","signature":"\/data\/signatures\/annick_le duff.svg"},{"firstname":"Jean luc","lastname":"LE MAOUT","country":"00","signature":"\/data\/signatures\/jean luc_le maout.svg"},{"firstname":"Emilie","lastname":"PROST","country":"00","signature":"\/data\/signatures\/emilie_prost .svg"},{"firstname":"Florent","lastname":"JEANTY","country":"00","signature":"\/data\/signatures\/florent_jeanty.svg"},{"firstname":"Caroline","lastname":"CHEHMANA","country":"FR","signature":"\/data\/signatures\/caroline _chehmana_FR_1488968636.svg"},{"firstname":"Pascale","lastname":"LUCIANI","country":"FR","signature":"\/data\/signatures\/pascale_luciani_FR_1488972227.svg"},{"firstname":"Chantal","lastname":"LEPRETRE","country":"00","signature":"\/data\/signatures\/chantal_lepretre.svg"},{"firstname":"Lo\u00efc","lastname":"DELORME","country":"00","signature":"\/data\/signatures\/lo\u00efc_delorme.svg"},{"firstname":"Garance","lastname":"PINEAU","country":"00","signature":"\/data\/signatures\/garance_pineau.svg"},{"firstname":"Annabelle","lastname":"FERRY","country":"00","signature":"\/data\/signatures\/annabelle_ferry.svg"},{"firstname":"Emmanuel","lastname":"MORUCCI","country":"00","signature":"\/data\/signatures\/emmanuel_morucci.svg"},{"firstname":"Emmanuel","lastname":"DE LEUSSE","country":"00","signature":"\/data\/signatures\/emmanuel _de leusse .svg"},{"firstname":"Marie-claire","lastname":"RUAULT","country":"FR","signature":"\/data\/signatures\/marie-claire_ruault_FR_1488976921.svg"},{"firstname":"Florent abel","lastname":"PECASSOU","country":"00","signature":"\/data\/signatures\/florent abel_pecassou.svg"},{"firstname":"Marie","lastname":"MAS","country":"00","signature":"\/data\/signatures\/marie _mas.svg"},{"firstname":"Julien","lastname":"CHAMPOMMIER","country":"00","signature":"\/data\/signatures\/julien _champommier .svg"},{"firstname":"Sandrine","lastname":"KAISER","country":"00","signature":"\/data\/signatures\/sandrine_kaiser.svg"},{"firstname":"Herv\u00e9","lastname":"RONSSE","country":"00","signature":"\/data\/signatures\/herv\u00e9_ronsse.svg"},{"firstname":"Christophe","lastname":"FRANCO","country":"00","signature":"\/data\/signatures\/christophe_franco.svg"},{"firstname":"Bernard","lastname":"GEOFFROY","country":"00","signature":"\/data\/signatures\/bernard_geoffroy _1488968001.svg"},{"firstname":"Walid","lastname":"MERAD-BOUDIA","country":"00","signature":"\/data\/signatures\/walid_merad-boudia.svg"},{"firstname":"Kevin","lastname":"LOIDON","country":"00","signature":"\/data\/signatures\/kevin_loidon.svg"},{"firstname":"Chabi","lastname":"MAHAMOU","country":"FR","signature":"\/data\/signatures\/chabi_mahamou_FR_1488974755.svg"},{"firstname":"David","lastname":"GEORGET","country":"00","signature":"\/data\/signatures\/david_georget.svg"},{"firstname":"Alain","lastname":"CASSUTO","country":"00","signature":"\/data\/signatures\/alain_cassuto.svg"},{"firstname":"Brigitte","lastname":"CHARPENTIER","country":"00","signature":"\/data\/signatures\/brigitte_charpentier.svg"},{"firstname":"Nathalie","lastname":"PINOY","country":"00","signature":"\/data\/signatures\/nathalie_pinoy_1488965981.svg"},{"firstname":"Jean luc","lastname":"TINLAND","country":"00","signature":"\/data\/signatures\/jean luc_tinland.svg"},{"firstname":"Clement","lastname":"VIGNAULT","country":"00","signature":"\/data\/signatures\/clement_vignault.svg"},{"firstname":"Pauline","lastname":"TAWIL","country":"00","signature":"\/data\/signatures\/pauline_tawil.svg"},{"firstname":"Jan","lastname":"GABRIEL","country":"00","signature":"\/data\/signatures\/jan _gabriel .svg"},{"firstname":"Vincent","lastname":"LE MEAUX","country":"00","signature":"\/data\/signatures\/vincent _le meaux.svg"},{"firstname":"B\u00e9n\u00e9dicte","lastname":"MAUGEST","country":"00","signature":"\/data\/signatures\/b\u00e9n\u00e9dicte_maugest.svg"},{"firstname":"Alexandre","lastname":"LION","country":"00","signature":"\/data\/signatures\/alexandre_lion.svg"},{"firstname":"Baptiste","lastname":"GONZALEZ","country":"00","signature":"\/data\/signatures\/baptiste _gonzalez.svg"},{"firstname":"Fabien","lastname":"DUCH\u00eaNE","country":"00","signature":"\/data\/signatures\/fabien_duch\u00eane_1488967645.svg"},{"firstname":"Audren","lastname":"VANZALK","country":"00","signature":"\/data\/signatures\/audren_vanzalk.svg"},{"firstname":"Ghislaine","lastname":"RAKOTOARISON","country":"00","signature":"\/data\/signatures\/ghislaine_rakotoarison .svg"},{"firstname":"Jean-philippe","lastname":"RICO","country":"FR","signature":"\/data\/signatures\/jean-philippe_rico_FR_1488969751.svg"},{"firstname":"Christian","lastname":"P\u00e9NEAU","country":"00","signature":"\/data\/signatures\/christian _p\u00e9neau .svg"},{"firstname":"Cl\u00e9ment","lastname":"ROBIN","country":"00","signature":"\/data\/signatures\/cl\u00e9ment_robin.svg"},{"firstname":"Sandro","lastname":"MARTIN","country":"00","signature":"\/data\/signatures\/sandro_martin.svg"},{"firstname":"Claire","lastname":"DUHAUT","country":"00","signature":"\/data\/signatures\/claire_duhaut .svg"},{"firstname":"Virgil","lastname":"WALTER","country":"FR","signature":"\/data\/signatures\/virgil_walter_FR_1488969880.svg"},{"firstname":"\u00c9ric","lastname":"DOMINGUEZ","country":"00","signature":"\/data\/signatures\/\u00c9ric_dominguez.svg"},{"firstname":"Janine","lastname":"SPERANDIO","country":"00","signature":"\/data\/signatures\/janine_sperandio.svg"},{"firstname":"Suzelle","lastname":"DELLON","country":"FR","signature":"\/data\/signatures\/suzelle_dellon_FR_1488969057.svg"},{"firstname":"Alain","lastname":"GOLDSTEIN","country":"FR","signature":"\/data\/signatures\/alain _goldstein _FR_1488968734.svg"},{"firstname":"Albert","lastname":"BIKOLIMANA","country":"FR","signature":"\/data\/signatures\/albert_bikolimana_FR_1488973110.svg"},{"firstname":"Herv\u00e9","lastname":"CASSIGNAC","country":"FR","signature":"\/data\/signatures\/herv\u00e9_cassignac_FR_1488971030.svg"},{"firstname":"Victor","lastname":"MARTIN","country":"00","signature":"\/data\/signatures\/victor_martin.svg"},{"firstname":"Danie","lastname":"BRIDE","country":"00","signature":"\/data\/signatures\/danie_bride.svg"},{"firstname":"Frederic","lastname":"CUISANCE","country":"00","signature":"\/data\/signatures\/frederic_cuisance.svg"},{"firstname":"Jean louis","lastname":"SPERANDIO","country":"00","signature":"\/data\/signatures\/jean louis_sperandio.svg"},{"firstname":"Fabrice","lastname":"LACHENMAIER","country":"00","signature":"\/data\/signatures\/fabrice_lachenmaier.svg"},{"firstname":"Alejandra","lastname":"ARANGO","country":"FR","signature":"\/data\/signatures\/alejandra_arango _FR_1488970043.svg"},{"firstname":"Val\u00e9rie","lastname":"VILA","country":"00","signature":"\/data\/signatures\/val\u00e9rie _vila .svg"},{"firstname":"Martine","lastname":"CLAES","country":"00","signature":"\/data\/signatures\/martine _claes.svg"},{"firstname":"Corine","lastname":"RONDET","country":"00","signature":"\/data\/signatures\/corine_rondet_1488966190.svg"},{"firstname":"David","lastname":"BERGER","country":"FR","signature":"\/data\/signatures\/david_berger_FR_1488971102.svg"},{"firstname":"Paul","lastname":"OPREA","country":"00","signature":"\/data\/signatures\/paul_oprea.svg"},{"firstname":"G\u00e9rard","lastname":"GOUSSI\u00c8S","country":"00","signature":"\/data\/signatures\/g\u00e9rard _goussi\u00c8s .svg"},{"firstname":"Denis","lastname":"MASSEGLIA","country":"00","signature":"\/data\/signatures\/denis_masseglia .svg"},{"firstname":"Michelle","lastname":"COREGGI","country":"00","signature":"\/data\/signatures\/michelle _coreggi .svg"},{"firstname":"Cedric","lastname":"AMRAM","country":"00","signature":"\/data\/signatures\/cedric_amram.svg"},{"firstname":"Victor","lastname":"BREHERET","country":"00","signature":"\/data\/signatures\/victor_breheret.svg"},{"firstname":"Sissi","lastname":"R\u00e9MINIAC","country":"FR","signature":"\/data\/signatures\/sissi_r\u00e9miniac_FR_1488969599.svg"},{"firstname":"Pierre-antoine","lastname":"QUELIN","country":"00","signature":"\/data\/signatures\/pierre-antoine_quelin.svg"},{"firstname":"Philippine","lastname":"NGUYEN","country":"00","signature":"\/data\/signatures\/philippine_nguyen.svg"},{"firstname":"Jacques","lastname":"SIVIGNON","country":"00","signature":"\/data\/signatures\/jacques_sivignon.svg"},{"firstname":"Pierre","lastname":"MARION DE PROC\u00e9","country":"00","signature":"\/data\/signatures\/pierre_marion de proc\u00e9_1488966554.svg"},{"firstname":"Rosine","lastname":"JEHL-LE SERGENT","country":"00","signature":"\/data\/signatures\/rosine_jehl-le sergent.svg"},{"firstname":"Elsa","lastname":"MORALES","country":"00","signature":"\/data\/signatures\/elsa_morales.svg"},{"firstname":"Guillaume","lastname":"ROBIN","country":"FR","signature":"\/data\/signatures\/guillaume_robin_FR_1488975275.svg"},{"firstname":"Micka\u00ebl","lastname":"GASTON","country":"00","signature":"\/data\/signatures\/micka\u00ebl _gaston _1488966801.svg"},{"firstname":"Muriel","lastname":"BOUDAROUA","country":"FR","signature":"\/data\/signatures\/muriel_boudaroua_FR_1488975710.svg"},{"firstname":"Alexandre","lastname":"BELLEMIN-LAPONNAZ","country":"00","signature":"\/data\/signatures\/alexandre_bellemin-laponnaz.svg"},{"firstname":"Sophie","lastname":"ARTHUIS","country":"00","signature":"\/data\/signatures\/sophie_arthuis.svg"},{"firstname":"Sylvain","lastname":"MONTANO","country":"00","signature":"\/data\/signatures\/sylvain_montano.svg"},{"firstname":"Clemence","lastname":"SEGAL","country":"00","signature":"\/data\/signatures\/clemence_segal.svg"},{"firstname":"Lucas","lastname":"FAURIANT","country":"FR","signature":"\/data\/signatures\/lucas_fauriant_FR_1488968717.svg"},{"firstname":"Nathalie","lastname":"GINOUX","country":"00","signature":"\/data\/signatures\/nathalie_ginoux.svg"},{"firstname":"Emile","lastname":"MARTINEZ","country":"ES","signature":"\/data\/signatures\/emile_martinez_ES_1488969969.svg"},{"firstname":"Joseph","lastname":"LE GOFF","country":"FR","signature":"\/data\/signatures\/joseph_le goff_FR_1488969672.svg"},{"firstname":"Jean-christophe","lastname":"DIJOUX","country":"00","signature":"\/data\/signatures\/jean-christophe _dijoux.svg"},{"firstname":"Yann","lastname":"DORTINDEGUEY","country":"00","signature":"\/data\/signatures\/yann_dortindeguey.svg"},{"firstname":"Fran\u00e7ois","lastname":"CHAZAL","country":"00","signature":"\/data\/signatures\/fran\u00e7ois_chazal.svg"},{"firstname":"Murielle","lastname":"PREVOST","country":"00","signature":"\/data\/signatures\/murielle_prevost.svg"},{"firstname":"Anthony","lastname":"BERGER","country":"00","signature":"\/data\/signatures\/anthony_berger.svg"},{"firstname":"Mariame","lastname":"MAJGAGUE","country":"00","signature":"\/data\/signatures\/mariame_majgague.svg"},{"firstname":"Christophe","lastname":"MASSON","country":"00","signature":"\/data\/signatures\/christophe_masson.svg"},{"firstname":"Patrice","lastname":"PARTHENAY","country":"FR","signature":"\/data\/signatures\/patrice_parthenay _FR_1488976733.svg"},{"firstname":"Batuhan","lastname":"ILKSOY","country":"00","signature":"\/data\/signatures\/batuhan_ilksoy.svg"},{"firstname":"Dorian","lastname":"MAILLARD","country":"00","signature":"\/data\/signatures\/dorian_maillard.svg"},{"firstname":"Remy","lastname":"CHIAPOLINI","country":"00","signature":"\/data\/signatures\/remy_chiapolini.svg"},{"firstname":"Thomas","lastname":"ASSELIN","country":"00","signature":"\/data\/signatures\/thomas_asselin.svg"},{"firstname":"Fr\u00e9d\u00e9ric","lastname":"DUBRASQUET","country":"00","signature":"\/data\/signatures\/fr\u00e9d\u00e9ric_dubrasquet.svg"},{"firstname":"Laurence","lastname":"MATYNIA","country":"FR","signature":"\/data\/signatures\/laurence_matynia_FR_1488971464.svg"},{"firstname":"Didier","lastname":"BAICH\u00e8RE","country":"00","signature":"\/data\/signatures\/didier_baich\u00e8re .svg"},{"firstname":"Christian","lastname":"LEPESCHEUX","country":"FR","signature":"\/data\/signatures\/christian_lepescheux_FR_1488975840.svg"},{"firstname":"Brigitte","lastname":"CONTENT","country":"00","signature":"\/data\/signatures\/brigitte _content _1488966025.svg"},{"firstname":"Axel","lastname":"VOITIER","country":"00","signature":"\/data\/signatures\/axel_voitier.svg"},{"firstname":"David","lastname":"VIDAL PONSARD","country":"00","signature":"\/data\/signatures\/david_vidal ponsard.svg"},{"firstname":"Steven","lastname":"BOULANG\u00e9","country":"00","signature":"\/data\/signatures\/steven_boulang\u00e9.svg"},{"firstname":"Matthieu","lastname":"FOURCROY","country":"PL","signature":"\/data\/signatures\/matthieu_fourcroy_PL_1488975450.svg"},{"firstname":"Alain","lastname":"RUAULT","country":"FR","signature":"\/data\/signatures\/alain _ruault_FR_1488976785.svg"},{"firstname":"Guillaume","lastname":"PEYRON","country":"00","signature":"\/data\/signatures\/guillaume_peyron.svg"},{"firstname":"Fenor","lastname":"RIGODON","country":"00","signature":"\/data\/signatures\/fenor_rigodon.svg"},{"firstname":"Bernard","lastname":"CALVEL","country":"00","signature":"\/data\/signatures\/bernard_calvel.svg"},{"firstname":"R\u00e9mi","lastname":"BALTHAZARD","country":"00","signature":"\/data\/signatures\/r\u00e9mi _balthazard .svg"},{"firstname":"Rosana","lastname":"CASTRO","country":"00","signature":"\/data\/signatures\/rosana_castro.svg"},{"firstname":"Antoine","lastname":"GLAUD","country":"00","signature":"\/data\/signatures\/antoine_glaud.svg"},{"firstname":"Jerome","lastname":"CLERAMBAULT","country":"00","signature":"\/data\/signatures\/jerome_clerambault.svg"},{"firstname":"Valerie","lastname":"DUVERT","country":"00","signature":"\/data\/signatures\/valerie_duvert_1488965956.svg"},{"firstname":"Sylvie","lastname":"DAUVET GRANGEON","country":"00","signature":"\/data\/signatures\/sylvie_dauvet grangeon.svg"},{"firstname":"Olivier","lastname":"SULMON","country":"00","signature":"\/data\/signatures\/olivier_sulmon.svg"},{"firstname":"Daniel","lastname":"VIGNERON","country":"00","signature":"\/data\/signatures\/daniel_vigneron.svg"},{"firstname":"Jean-louis","lastname":"LABARRI\u00e8RE","country":"FR","signature":"\/data\/signatures\/jean-louis_labarri\u00e8re_FR_1488969183.svg"},{"firstname":"David","lastname":"PUGA","country":"FR","signature":"\/data\/signatures\/david _puga_FR_1488969760.svg"},{"firstname":"Pierre","lastname":"PLOUZENNEC","country":"00","signature":"\/data\/signatures\/pierre_plouzennec.svg"},{"firstname":"Jeremy","lastname":"GARGAM","country":"00","signature":"\/data\/signatures\/jeremy _gargam .svg"},{"firstname":"Sofie","lastname":"CARSTEN NIELSEN","country":"00","signature":"\/data\/signatures\/sofie_carsten nielsen .svg"},{"firstname":"Franck","lastname":"GAPENNE","country":"00","signature":"\/data\/signatures\/franck_gapenne.svg"},{"firstname":"Thibault","lastname":"LEMAITRE","country":"00","signature":"\/data\/signatures\/thibault_lemaitre_1488967122.svg"},{"firstname":"Kevin","lastname":"PELL\u00e9","country":"00","signature":"\/data\/signatures\/kevin_pell\u00e9.svg"},{"firstname":"Dj\u00e9mory","lastname":"DIABAT\u00e9","country":"00","signature":"\/data\/signatures\/dj\u00e9mory _diabat\u00e9 .svg"},{"firstname":"Thomas","lastname":"LEHMANN","country":"00","signature":"\/data\/signatures\/thomas_lehmann.svg"},{"firstname":"Verlin richard","lastname":"BEKA BEKA","country":"00","signature":"\/data\/signatures\/verlin richard_beka beka.svg"},{"firstname":"Jeremy","lastname":"PARIS","country":"00","signature":"\/data\/signatures\/jeremy_paris.svg"},{"firstname":"Pierre","lastname":"COMMERE","country":"00","signature":"\/data\/signatures\/pierre_commere.svg"},{"firstname":"Timoty","lastname":"SAVOURE","country":"00","signature":"\/data\/signatures\/timoty_savoure.svg"},{"firstname":"Jean michel","lastname":"RONDET","country":"00","signature":"\/data\/signatures\/jean michel_rondet_1488966673.svg"},{"firstname":"Marc","lastname":"GIORDANO","country":"FR","signature":"\/data\/signatures\/marc_giordano _FR_1488976228.svg"},{"firstname":"Jean-philippe","lastname":"G\u00c9RAULT","country":"00","signature":"\/data\/signatures\/jean-philippe_g\u00c9rault .svg"},{"firstname":"Jean- michel","lastname":"JOLLET","country":"FR","signature":"\/data\/signatures\/jean- michel_jollet_FR_1488969198.svg"},{"firstname":"Jean-charles","lastname":"LARSONNEUR","country":"00","signature":"\/data\/signatures\/jean-charles_larsonneur.svg"},{"firstname":"Herv\u00e9","lastname":"COLERA PLANCHAT","country":"00","signature":"\/data\/signatures\/herv\u00e9 _colera planchat.svg"},{"firstname":"Bastien","lastname":"ORTIZ","country":"00","signature":"\/data\/signatures\/bastien_ortiz.svg"},{"firstname":"Anne","lastname":"MEYER","country":"00","signature":"\/data\/signatures\/anne_meyer.svg"},{"firstname":"Arthur","lastname":"PUISSANT","country":"00","signature":"\/data\/signatures\/arthur_puissant.svg"},{"firstname":"Laure","lastname":"GALANT","country":"FR","signature":"\/data\/signatures\/laure_galant_FR_1488977225.svg"},{"firstname":"Jean-michel","lastname":"CHALAYER","country":"FR","signature":"\/data\/signatures\/jean-michel _chalayer_FR_1488972492.svg"},{"firstname":"Sana","lastname":"HADZIC","country":"LU","signature":"\/data\/signatures\/sana_hadzic_LU_1488971619.svg"},{"firstname":"Yannick","lastname":"SABL\u00e9","country":"FR","signature":"\/data\/signatures\/yannick_sabl\u00e9_FR_1488971920.svg"},{"firstname":"Alexis","lastname":"MASSART","country":"00","signature":"\/data\/signatures\/alexis_massart.svg"},{"firstname":"David","lastname":"PUGA","country":"FR","signature":"\/data\/signatures\/david _puga_FR_1488969896.svg"},{"firstname":"Luc","lastname":"KIEFFER","country":"00","signature":"\/data\/signatures\/luc_kieffer.svg"},{"firstname":"Tristan","lastname":"DEGUILHEM","country":"00","signature":"\/data\/signatures\/tristan_deguilhem.svg"},{"firstname":"Christian","lastname":"ALBAN","country":"00","signature":"\/data\/signatures\/christian_alban.svg"},{"firstname":"Gerard","lastname":"BLANC","country":"00","signature":"\/data\/signatures\/gerard_blanc.svg"},{"firstname":"Fabienne","lastname":"ATTALI","country":"00","signature":"\/data\/signatures\/fabienne_attali.svg"},{"firstname":"Corentin","lastname":"HUNEAU","country":"00","signature":"\/data\/signatures\/corentin_huneau.svg"},{"firstname":"Armand","lastname":"DUPONT","country":"00","signature":"\/data\/signatures\/armand_dupont.svg"},{"firstname":"Erig","lastname":"LE GOFF PALMIERI","country":"FR","signature":"\/data\/signatures\/erig_le goff palmieri_FR_1488970960.svg"},{"firstname":"Xavier","lastname":"GIDA","country":"00","signature":"\/data\/signatures\/xavier_gida.svg"},{"firstname":"Michel","lastname":"ROLLIN","country":"FR","signature":"\/data\/signatures\/michel_rollin_FR_1488973901.svg"},{"firstname":"J\u00e9r\u00f4me","lastname":"MASSIAUX","country":"FR","signature":"\/data\/signatures\/j\u00e9r\u00f4me _massiaux _FR_1488976560.svg"},{"firstname":"Olivier guy","lastname":"DUPERTUIS","country":"FR","signature":"\/data\/signatures\/olivier guy_dupertuis_FR_1488970345.svg"},{"firstname":"Linda","lastname":"PERRONE","country":"FR","signature":"\/data\/signatures\/linda_perrone_FR_1488968974.svg"},{"firstname":"Evelyne","lastname":"CO\u00cbT","country":"00","signature":"\/data\/signatures\/evelyne _co\u00cbt _1488966639.svg"},{"firstname":"Maxime","lastname":"DUDA","country":"00","signature":"\/data\/signatures\/maxime_duda.svg"},{"firstname":"Jacques","lastname":"COSQUER","country":"00","signature":"\/data\/signatures\/jacques_cosquer.svg"},{"firstname":"Dominique","lastname":"THOMAS","country":"00","signature":"\/data\/signatures\/dominique _thomas .svg"},{"firstname":"Hugo","lastname":"BARTHELEMY","country":"00","signature":"\/data\/signatures\/hugo_barthelemy.svg"},{"firstname":"Ardal","lastname":"MACINTYRE","country":"UK","signature":"\/data\/signatures\/ardal_macintyre_UK_1488972632.svg"},{"firstname":"Fatiha","lastname":"CHOUBLEY","country":"FR","signature":"\/data\/signatures\/fatiha_choubley_FR_1488969441.svg"},{"firstname":"Nicole","lastname":"GR\u00fcNBAUM","country":"00","signature":"\/data\/signatures\/nicole_gr\u00fcnbaum.svg"},{"firstname":"Andra","lastname":"MOROSI","country":"00","signature":"\/data\/signatures\/andra_morosi.svg"},{"firstname":"Eliette","lastname":"JAFFRAY","country":"00","signature":"\/data\/signatures\/eliette_jaffray.svg"},{"firstname":"Christophe","lastname":"CASTANI\u00e9","country":"00","signature":"\/data\/signatures\/christophe_castani\u00e9.svg"},{"firstname":"Rusan","lastname":"DEMIR","country":"FR","signature":"\/data\/signatures\/rusan_demir_FR_1488973713.svg"},{"firstname":"Murielle","lastname":"SANSON","country":"FR","signature":"\/data\/signatures\/murielle_sanson_FR_1488968463.svg"},{"firstname":"Laurent","lastname":"CHAMPONNOIS","country":"00","signature":"\/data\/signatures\/laurent_champonnois.svg"},{"firstname":"Gaelle","lastname":"MARSEAU","country":"FR","signature":"\/data\/signatures\/gaelle_marseau_FR_1488975910.svg"},{"firstname":"Isabelle","lastname":"GUILLAUME","country":"00","signature":"\/data\/signatures\/isabelle_guillaume.svg"},{"firstname":"Francis","lastname":"BORNSTEIN","country":"FR","signature":"\/data\/signatures\/francis_bornstein_FR_1488968248.svg"},{"firstname":"Arthur","lastname":"LAMBERT","country":"00","signature":"\/data\/signatures\/arthur_lambert.svg"},{"firstname":"Anne-angele","lastname":"NYAMBITA","country":"00","signature":"\/data\/signatures\/anne-angele_nyambita.svg"},{"firstname":"Mari\u00e9 jos\u00e9","lastname":"GUILLOT","country":"00","signature":"\/data\/signatures\/mari\u00e9 jos\u00e9 _guillot .svg"},{"firstname":"Benjamin","lastname":"KIRSCHNER","country":"00","signature":"\/data\/signatures\/benjamin_kirschner.svg"},{"firstname":"Corine","lastname":"RONDET","country":"00","signature":"\/data\/signatures\/corine_rondet_1488966569.svg"},{"firstname":"Eric","lastname":"MARTIN","country":"--","signature":"\/data\/signatures\/eric_martin_--_1488972218.svg"},{"firstname":"Aleksy","lastname":"FICHOT","country":"00","signature":"\/data\/signatures\/aleksy _fichot .svg"},{"firstname":"Mathilde","lastname":"CHAREYRON","country":"00","signature":"\/data\/signatures\/mathilde _chareyron .svg"},{"firstname":"Matthieu","lastname":"LEDUQUE","country":"FR","signature":"\/data\/signatures\/matthieu_leduque_FR_1488971744.svg"},{"firstname":"Alain","lastname":"B\u00e9AUR","country":"00","signature":"\/data\/signatures\/alain _b\u00e9aur _1488967567.svg"},{"firstname":"Cl\u00e9mence","lastname":"BILLOT","country":"00","signature":"\/data\/signatures\/cl\u00e9mence_billot.svg"},{"firstname":"Sebastien","lastname":"MEFFLET","country":"00","signature":"\/data\/signatures\/sebastien_mefflet.svg"},{"firstname":"Arthur","lastname":"LAUDRAIN","country":"00","signature":"\/data\/signatures\/arthur_laudrain.svg"},{"firstname":"Bernard","lastname":"BENEZ","country":"FR","signature":"\/data\/signatures\/bernard_benez_FR_1488970854.svg"},{"firstname":"Agn\u00e8s","lastname":"LECOMTE","country":"00","signature":"\/data\/signatures\/agn\u00e8s_lecomte.svg"},{"firstname":"J\u00e9r\u00e9mie","lastname":"STUTZ","country":"00","signature":"\/data\/signatures\/j\u00e9r\u00e9mie_stutz.svg"},{"firstname":"Vanessa","lastname":"CERMAK","country":"00","signature":"\/data\/signatures\/vanessa_cermak.svg"},{"firstname":"Jean-michel","lastname":"LEPECQ","country":"FR","signature":"\/data\/signatures\/jean-michel _lepecq _FR_1488969862.svg"},{"firstname":"Stephane","lastname":"SAMOUILHAN","country":"00","signature":"\/data\/signatures\/stephane_samouilhan.svg"},{"firstname":"Armand","lastname":"BEHR","country":"FR","signature":"\/data\/signatures\/armand_behr_FR_1488972842.svg"},{"firstname":"Kaj","lastname":"SMEDEMARK","country":"00","signature":"\/data\/signatures\/kaj_smedemark.svg"},{"firstname":"Martine","lastname":"CHAZAL","country":"00","signature":"\/data\/signatures\/martine_chazal_1488967446.svg"},{"firstname":"Mich\u00e8le","lastname":"COHADON -BRIEFF","country":"00","signature":"\/data\/signatures\/mich\u00e8le _cohadon -brieff _1488967439.svg"},{"firstname":"Fran\u00e7ois","lastname":"AUBERT","country":"00","signature":"\/data\/signatures\/fran\u00e7ois_aubert.svg"},{"firstname":"Bruno","lastname":"LUCAS","country":"00","signature":"\/data\/signatures\/bruno_lucas_1488966235.svg"},{"firstname":"Thomas","lastname":"NENGRES","country":"00","signature":"\/data\/signatures\/thomas _nengres .svg"},{"firstname":"Emmanuelle","lastname":"REEVES","country":"00","signature":"\/data\/signatures\/emmanuelle_reeves.svg"},{"firstname":"Ivan","lastname":"DIAZ MARTINEZ","country":"FR","signature":"\/data\/signatures\/ivan_diaz martinez_FR_1488969033.svg"},{"firstname":"Chang hua","lastname":"PENG","country":"00","signature":"\/data\/signatures\/chang hua_peng.svg"},{"firstname":"Hannah","lastname":"STARMAN","country":"00","signature":"\/data\/signatures\/hannah _starman.svg"},{"firstname":"Myriam","lastname":"RACHATI","country":"00","signature":"\/data\/signatures\/myriam_rachati_1488966942.svg"},{"firstname":"Christophe","lastname":"HERAUD","country":"00","signature":"\/data\/signatures\/christophe_heraud.svg"},{"firstname":"Agn\u00e8s","lastname":"BOURR\u00e9-FOURNIER","country":"00","signature":"\/data\/signatures\/agn\u00e8s _bourr\u00e9-fournier .svg"},{"firstname":"Pierre","lastname":"CHASTROUX","country":"00","signature":"\/data\/signatures\/pierre_chastroux.svg"},{"firstname":"Sylvie","lastname":"ROMANI","country":"00","signature":"\/data\/signatures\/sylvie_romani.svg"},{"firstname":"St\u00e9phane","lastname":"ALBOU","country":"00","signature":"\/data\/signatures\/st\u00e9phane_albou.svg"},{"firstname":"Faouzi","lastname":"LA\u00cfDI","country":"FR","signature":"\/data\/signatures\/faouzi_la\u00cfdi _FR_1488972060.svg"},{"firstname":"Lionel","lastname":"ASTRED","country":"00","signature":"\/data\/signatures\/lionel_astred.svg"},{"firstname":"Didier","lastname":"CHAUDET","country":"00","signature":"\/data\/signatures\/didier_chaudet.svg"},{"firstname":"Aude","lastname":"FARAVELLI","country":"00","signature":"\/data\/signatures\/aude_faravelli.svg"},{"firstname":"Herv\u00e9","lastname":"LENOBLE","country":"00","signature":"\/data\/signatures\/herv\u00e9_lenoble.svg"},{"firstname":"Herv\u00e9","lastname":"MENGA","country":"FR","signature":"\/data\/signatures\/herv\u00e9_menga_FR_1488972823.svg"},{"firstname":"Yana","lastname":"PROKOFYEVA","country":"00","signature":"\/data\/signatures\/yana_prokofyeva.svg"},{"firstname":"Benjamin","lastname":"CARANTINO","country":"00","signature":"\/data\/signatures\/benjamin_carantino.svg"},{"firstname":"Alain","lastname":"TOBER","country":"FR","signature":"\/data\/signatures\/alain_tober_FR_1488970035.svg"},{"firstname":"Christopher","lastname":"SOCCIO","country":"00","signature":"\/data\/signatures\/christopher_soccio.svg"},{"firstname":"Marie","lastname":"STEICHEN","country":"00","signature":"\/data\/signatures\/marie _steichen .svg"},{"firstname":"Jean-luc","lastname":"TH\u00e9RON","country":"00","signature":"\/data\/signatures\/jean-luc  _th\u00e9ron .svg"},{"firstname":"Tony","lastname":"GIL","country":"00","signature":"\/data\/signatures\/tony_gil_1488966155.svg"},{"firstname":"Mika\u00ebl","lastname":"ANDRE","country":"00","signature":"\/data\/signatures\/mika\u00ebl_andre.svg"},{"firstname":"Anne-sophie","lastname":"CHON\u00e9","country":"00","signature":"\/data\/signatures\/anne-sophie_chon\u00e9.svg"},{"firstname":"Marie-jo","lastname":"SKRZYNIARZ-VEILLITH","country":"FR","signature":"\/data\/signatures\/marie-jo_skrzyniarz-veillith_FR_1488969272.svg"},{"firstname":"Blaise","lastname":"JAEGER","country":"00","signature":"\/data\/signatures\/blaise_jaeger.svg"},{"firstname":"Nicole","lastname":"VAN MAASTRICHT","country":"NL","signature":"\/data\/signatures\/nicole_van maastricht_NL_1488969432.svg"},{"firstname":"Martin","lastname":"BERTIGNON","country":"00","signature":"\/data\/signatures\/martin_bertignon.svg"},{"firstname":"Fabienne","lastname":"RAVASSARD","country":"00","signature":"\/data\/signatures\/fabienne_ravassard.svg"},{"firstname":"Arnaud","lastname":"CUISINIER","country":"00","signature":"\/data\/signatures\/arnaud _cuisinier .svg"},{"firstname":"Thierry","lastname":"VANHERSEL","country":"00","signature":"\/data\/signatures\/thierry_vanhersel_1488966127.svg"},{"firstname":"Franck","lastname":"ARIASI","country":"00","signature":"\/data\/signatures\/franck_ariasi.svg"},{"firstname":"Fabien","lastname":"LEP\u00e8RE","country":"00","signature":"\/data\/signatures\/fabien_lep\u00e8re.svg"},{"firstname":"Arthur","lastname":"SAUZAY","country":"00","signature":"\/data\/signatures\/arthur _sauzay.svg"},{"firstname":"St\u00e9phane","lastname":"MARIE","country":"00","signature":"\/data\/signatures\/st\u00e9phane_marie.svg"},{"firstname":"Guillaume","lastname":"DE LA BROSSE","country":"00","signature":"\/data\/signatures\/guillaume_de la brosse_1488966542.svg"},{"firstname":"Florent","lastname":"LAHEUGUERE-LOUSTALET","country":"00","signature":"\/data\/signatures\/florent_laheuguere-loustalet_1488966795.svg"},{"firstname":"Louisette","lastname":"GUERAUD","country":"00","signature":"\/data\/signatures\/louisette_gueraud_1488966297.svg"},{"firstname":"Pascale","lastname":"LECOURT","country":"00","signature":"\/data\/signatures\/pascale_lecourt_1488966599.svg"},{"firstname":"Cyrille","lastname":"OUNDI","country":"00","signature":"\/data\/signatures\/cyrille_oundi .svg"},{"firstname":"Francois","lastname":"GAULAIS","country":"00","signature":"\/data\/signatures\/francois_gaulais.svg"},{"firstname":"Beatrice","lastname":"BRINDELLE","country":"00","signature":"\/data\/signatures\/beatrice_brindelle.svg"},{"firstname":"Christian","lastname":"MARCHESSEAU","country":"00","signature":"\/data\/signatures\/christian _marchesseau .svg"},{"firstname":"Christine","lastname":"GUILLET","country":"00","signature":"\/data\/signatures\/christine_guillet.svg"},{"firstname":"Martin","lastname":"DANEY","country":"00","signature":"\/data\/signatures\/martin_daney.svg"},{"firstname":"Nadia","lastname":"MAUBOIS","country":"00","signature":"\/data\/signatures\/nadia_maubois .svg"},{"firstname":"David","lastname":"AMSELEK","country":"00","signature":"\/data\/signatures\/david_amselek.svg"},{"firstname":"Pieyre-alexandre","lastname":"ANGLADE","country":"00","signature":"\/data\/signatures\/pieyre-alexandre_anglade.svg"},{"firstname":"Joelle","lastname":"BAILLY","country":"00","signature":"\/data\/signatures\/joelle_bailly_1488967446.svg"},{"firstname":"Stephanie","lastname":"VERRIER","country":"FR","signature":"\/data\/signatures\/stephanie_verrier_FR_1488974543.svg"},{"firstname":"Thierry","lastname":"HERBERT","country":"FR","signature":"\/data\/signatures\/thierry _herbert_FR_1488969593.svg"},{"firstname":"Renaud","lastname":"GU\u00e9RIN","country":"00","signature":"\/data\/signatures\/renaud_gu\u00e9rin .svg"},{"firstname":"Nicolas","lastname":"DARBOIS","country":"00","signature":"\/data\/signatures\/nicolas_darbois.svg"},{"firstname":"Isabelle","lastname":"LAMBALOT","country":"00","signature":"\/data\/signatures\/isabelle_lambalot.svg"},{"firstname":"Christian","lastname":"MUNCHENBACH","country":"00","signature":"\/data\/signatures\/christian_munchenbach.svg"},{"firstname":"Charles","lastname":"DROGBA","country":"FR","signature":"\/data\/signatures\/charles _drogba_FR_1488974019.svg"},{"firstname":"Elisabeth","lastname":"DOMIAT","country":"00","signature":"\/data\/signatures\/elisabeth _domiat.svg"},{"firstname":"Yann","lastname":"LE GALL","country":"00","signature":"\/data\/signatures\/yann_le gall.svg"},{"firstname":"Michel","lastname":"LIVAGE","country":"00","signature":"\/data\/signatures\/michel_livage.svg"},{"firstname":"Pascal","lastname":"PATRIER","country":"00","signature":"\/data\/signatures\/pascal _patrier .svg"},{"firstname":"Gerard","lastname":"FARIA","country":"00","signature":"\/data\/signatures\/gerard_faria.svg"},{"firstname":"Rami","lastname":"AZAR","country":"00","signature":"\/data\/signatures\/rami_azar_1488965941.svg"},{"firstname":"Amandine","lastname":"MESLAND","country":"00","signature":"\/data\/signatures\/amandine_mesland .svg"},{"firstname":"Matthieu","lastname":"BOURASSEAU","country":"00","signature":"\/data\/signatures\/matthieu_bourasseau.svg"},{"firstname":"Olivier","lastname":"HURET","country":"FR","signature":"\/data\/signatures\/olivier_huret_FR_1488972778.svg"},{"firstname":"Maxime","lastname":"JABET","country":"00","signature":"\/data\/signatures\/maxime _jabet .svg"},{"firstname":"Marie","lastname":"MAUGER","country":"00","signature":"\/data\/signatures\/marie _mauger.svg"},{"firstname":"Anthony","lastname":"GUICHARD","country":"00","signature":"\/data\/signatures\/anthony_guichard.svg"},{"firstname":"Denis","lastname":"BERNARD","country":"00","signature":"\/data\/signatures\/denis_bernard.svg"},{"firstname":"Sebastien","lastname":"BOURDILLON","country":"00","signature":"\/data\/signatures\/sebastien_bourdillon.svg"},{"firstname":"Mohamed-abdellahi","lastname":"ABBE","country":"00","signature":"\/data\/signatures\/mohamed-abdellahi_abbe.svg"},{"firstname":"Francois","lastname":"FENET","country":"FR","signature":"\/data\/signatures\/francois_fenet_FR_1488970618.svg"},{"firstname":"Chloe","lastname":"GUEDEL","country":"00","signature":"\/data\/signatures\/chloe_guedel.svg"},{"firstname":"Patrick","lastname":"LEGRAND","country":"00","signature":"\/data\/signatures\/patrick_legrand.svg"},{"firstname":"Luc","lastname":"LAFON","country":"00","signature":"\/data\/signatures\/luc _lafon.svg"},{"firstname":"Rami","lastname":"AZAR","country":"00","signature":"\/data\/signatures\/rami_azar.svg"},{"firstname":"Anthony","lastname":"SIMONETTA","country":"00","signature":"\/data\/signatures\/anthony_simonetta.svg"},{"firstname":"Lucas","lastname":"RICHEZ","country":"00","signature":"\/data\/signatures\/lucas_richez.svg"},{"firstname":"Sophie","lastname":"COLOMBAIN","country":"00","signature":"\/data\/signatures\/sophie_colombain.svg"},{"firstname":"Mickael","lastname":"POIRAUD","country":"FR","signature":"\/data\/signatures\/mickael_poiraud_FR_1488968820.svg"},{"firstname":"Jean-baptiste","lastname":"PERRIN","country":"00","signature":"\/data\/signatures\/jean-baptiste_perrin_1488967717.svg"},{"firstname":"Robin","lastname":"BODENGHIEN","country":"00","signature":"\/data\/signatures\/robin_bodenghien.svg"},{"firstname":"Sourya","lastname":"ZINNOURY","country":"00","signature":"\/data\/signatures\/sourya_zinnoury.svg"},{"firstname":"Nadine","lastname":"AKHROUF","country":"00","signature":"\/data\/signatures\/nadine _akhrouf_1488965975.svg"},{"firstname":"Diabat\u00e9","lastname":"DJ\u00e9MORY","country":"00","signature":"\/data\/signatures\/diabat\u00e9 _dj\u00e9mory .svg"},{"firstname":"Thomas","lastname":"PEDOUSSAUT","country":"00","signature":"\/data\/signatures\/thomas_pedoussaut.svg"},{"firstname":"Marina","lastname":"TYMEN","country":"00","signature":"\/data\/signatures\/marina_tymen.svg"},{"firstname":"Christiane","lastname":"DRATWICKI","country":"FR","signature":"\/data\/signatures\/christiane_dratwicki_FR_1488974773.svg"},{"firstname":"David","lastname":"SAUSSOL","country":"00","signature":"\/data\/signatures\/david_saussol.svg"},{"firstname":"Sanda","lastname":"BRUN","country":"00","signature":"\/data\/signatures\/sanda_brun.svg"},{"firstname":"Lucien","lastname":"ARCOS","country":"00","signature":"\/data\/signatures\/lucien_arcos.svg"},{"firstname":"Beno\u00eet","lastname":"VETTIER","country":"00","signature":"\/data\/signatures\/beno\u00eet_vettier.svg"},{"firstname":"Francois xavier","lastname":"LAFFIN","country":"00","signature":"\/data\/signatures\/francois xavier_laffin.svg"},{"firstname":"Pascale","lastname":"NOURISSON","country":"FR","signature":"\/data\/signatures\/pascale_nourisson_FR_1488975030.svg"},{"firstname":"Emmanuelle","lastname":"CAMPO","country":"00","signature":"\/data\/signatures\/emmanuelle_campo.svg"},{"firstname":"Renata","lastname":"POUTOT","country":"00","signature":"\/data\/signatures\/renata_poutot.svg"},{"firstname":"S\u00e9bastien","lastname":"ROULEAU","country":"00","signature":"\/data\/signatures\/s\u00e9bastien_rouleau.svg"},{"firstname":"Denis","lastname":"DUPERTHUY","country":"00","signature":"\/data\/signatures\/denis_duperthuy.svg"},{"firstname":"Jean-jacques","lastname":"DEMRI","country":"00","signature":"\/data\/signatures\/jean-jacques _demri_1488967354.svg"},{"firstname":"Annick","lastname":"HERLAUD","country":"00","signature":"\/data\/signatures\/annick_herlaud.svg"},{"firstname":"Keoulen roger","lastname":"BOLAMOU","country":"FR","signature":"\/data\/signatures\/keoulen roger _bolamou_FR_1488972654.svg"},{"firstname":"Thierry","lastname":"SARDA","country":"00","signature":"\/data\/signatures\/thierry _sarda.svg"},{"firstname":"Pascal","lastname":"GENTIL","country":"00","signature":"\/data\/signatures\/pascal_gentil.svg"},{"firstname":"Pascale","lastname":"LUCIANI-BOYER","country":"FR","signature":"\/data\/signatures\/pascale_luciani-boyer_FR_1488972147.svg"},{"firstname":"Julie","lastname":"TIMON","country":"00","signature":"\/data\/signatures\/julie_timon.svg"},{"firstname":"Yoann","lastname":"HOMMEL","country":"00","signature":"\/data\/signatures\/yoann_hommel.svg"},{"firstname":"Cl\u00e9ment","lastname":"LEFEVRE","country":"00","signature":"\/data\/signatures\/cl\u00e9ment_lefevre.svg"},{"firstname":"Philippe","lastname":"FRADET","country":"00","signature":"\/data\/signatures\/philippe_fradet.svg"},{"firstname":"Francois","lastname":"POUZET","country":"00","signature":"\/data\/signatures\/francois_pouzet.svg"},{"firstname":"Emmanuel","lastname":"LEBRUN","country":"FR","signature":"\/data\/signatures\/emmanuel_lebrun_FR_1488976176.svg"},{"firstname":"Cl\u00e9ment","lastname":"COMBAL","country":"00","signature":"\/data\/signatures\/cl\u00e9ment _combal .svg"},{"firstname":"Pascale","lastname":"POIGNON","country":"00","signature":"\/data\/signatures\/pascale_poignon.svg"},{"firstname":"Aymeric","lastname":"LICHTENAUER","country":"00","signature":"\/data\/signatures\/aymeric_lichtenauer.svg"},{"firstname":"Christine","lastname":"PEIX-HEINTZ","country":"FR","signature":"\/data\/signatures\/christine_peix-heintz_FR_1488974760.svg"},{"firstname":"Eric philippe","lastname":"ELIAUTOU","country":"00","signature":"\/data\/signatures\/eric philippe _eliautou .svg"},{"firstname":"Geoffrey","lastname":"MALLET","country":"FR","signature":"\/data\/signatures\/geoffrey_mallet _FR_1488972532.svg"},{"firstname":"David","lastname":"GAUDIN","country":"00","signature":"\/data\/signatures\/david_gaudin.svg"},{"firstname":"Patrick","lastname":"MORALI","country":"FR","signature":"\/data\/signatures\/patrick_morali_FR_1488969772.svg"},{"firstname":"Peter","lastname":"LEWANDOWSKI","country":"00","signature":"\/data\/signatures\/peter_lewandowski.svg"},{"firstname":"Jacques","lastname":"BUSTOS","country":"00","signature":"\/data\/signatures\/jacques _bustos_1488967769.svg"},{"firstname":"Andr\u00e9","lastname":"LEMETTRE","country":"00","signature":"\/data\/signatures\/andr\u00e9 _lemettre .svg"},{"firstname":"Sacha","lastname":"RAYNAUD","country":"00","signature":"\/data\/signatures\/sacha_raynaud.svg"},{"firstname":"Matthieu","lastname":"COQUET","country":"FR","signature":"\/data\/signatures\/matthieu_coquet_FR_1488970041.svg"},{"firstname":"Jean-marie","lastname":"FI\u00e9VET","country":"FR","signature":"\/data\/signatures\/jean-marie_fi\u00e9vet_FR_1488972922.svg"},{"firstname":"Ronald","lastname":"CAZEAU","country":"FR","signature":"\/data\/signatures\/ronald _cazeau_FR_1488969411.svg"},{"firstname":"Jennifer","lastname":"RICHARD","country":"00","signature":"\/data\/signatures\/jennifer_richard.svg"},{"firstname":"Karen","lastname":"MELCHIOR","country":"00","signature":"\/data\/signatures\/karen_melchior.svg"},{"firstname":"Jacques","lastname":"CALMON","country":"00","signature":"\/data\/signatures\/jacques_calmon.svg"},{"firstname":"Guillaume","lastname":"BULLIER","country":"00","signature":"\/data\/signatures\/guillaume_bullier.svg"},{"firstname":"Jocelyn","lastname":"PINAULT","country":"00","signature":"\/data\/signatures\/jocelyn_pinault.svg"},{"firstname":"Catherine","lastname":"GUIBOURG","country":"00","signature":"\/data\/signatures\/catherine _guibourg.svg"},{"firstname":"Adel","lastname":"ATTIA","country":"FR","signature":"\/data\/signatures\/adel_attia_FR_1488971834.svg"},{"firstname":"Marc","lastname":"DISERENS","country":"00","signature":"\/data\/signatures\/marc_diserens.svg"},{"firstname":"Claudette","lastname":"GUERAUD","country":"00","signature":"\/data\/signatures\/claudette_gueraud.svg"},{"firstname":"Pierre","lastname":"VILLELONGUE","country":"FR","signature":"\/data\/signatures\/pierre_villelongue _FR_1488974270.svg"},{"firstname":"Olivier","lastname":"DULONG","country":"00","signature":"\/data\/signatures\/olivier_dulong.svg"},{"firstname":"Bernard","lastname":"MOREAU","country":"00","signature":"\/data\/signatures\/bernard_moreau.svg"},{"firstname":"Serge-arno","lastname":"KL\u00fcMPER","country":"LU","signature":"\/data\/signatures\/serge-arno_kl\u00fcmper _LU_1488971090.svg"},{"firstname":"Yves","lastname":"SOTIN","country":"FR","signature":"\/data\/signatures\/yves_sotin_FR_1488974663.svg"},{"firstname":"Alain","lastname":"ROSART","country":"00","signature":"\/data\/signatures\/alain_rosart.svg"},{"firstname":"Bruno","lastname":"FEDRICI","country":"00","signature":"\/data\/signatures\/bruno _fedrici .svg"},{"firstname":"Samia","lastname":"AIT","country":"00","signature":"\/data\/signatures\/samia _ait.svg"},{"firstname":"Maryvonne","lastname":"VIAUD","country":"FR","signature":"\/data\/signatures\/maryvonne_viaud_FR_1488968903.svg"},{"firstname":"Eric","lastname":"MARTIN","country":"--","signature":"\/data\/signatures\/eric _martin_--_1488972337.svg"},{"firstname":"Taoufik","lastname":"EL MAHROUS","country":"00","signature":"\/data\/signatures\/taoufik_el mahrous .svg"},{"firstname":"Jean-philippe","lastname":"BATTEDOU","country":"00","signature":"\/data\/signatures\/jean-philippe _battedou .svg"},{"firstname":"Laurence","lastname":"STALHBERGER","country":"00","signature":"\/data\/signatures\/laurence_stalhberger.svg"},{"firstname":"Beatrice","lastname":"AUGIER","country":"00","signature":"\/data\/signatures\/beatrice_augier.svg"},{"firstname":"Claude","lastname":"COUQUET","country":"00","signature":"\/data\/signatures\/claude_couquet.svg"},{"firstname":"Thomas","lastname":"DUCADOS","country":"00","signature":"\/data\/signatures\/thomas_ducados.svg"},{"firstname":"Payet.tsaravnt@yahoo.fr","lastname":"PAYET","country":"FR","signature":"\/data\/signatures\/payet.tsaravnt@yahoo.fr_payet_FR_1488969470.svg"},{"firstname":"Guillaume","lastname":"LELEU","country":"00","signature":"\/data\/signatures\/guillaume_leleu.svg"},{"firstname":"Christophe","lastname":"BRUNELLE","country":"00","signature":"\/data\/signatures\/christophe_brunelle.svg"},{"firstname":"Elise","lastname":"BOTIVEAU","country":"FR","signature":"\/data\/signatures\/elise _botiveau_FR_1488974556.svg"},{"firstname":"Chantal","lastname":"PAGES","country":"FR","signature":"\/data\/signatures\/chantal_pages_FR_1488969716.svg"},{"firstname":"Julien","lastname":"KAUFFMANN","country":"00","signature":"\/data\/signatures\/julien_kauffmann.svg"},{"firstname":"Didier","lastname":"GIROUD","country":"00","signature":"\/data\/signatures\/didier_giroud.svg"},{"firstname":"Christine","lastname":"PIERSON","country":"FR","signature":"\/data\/signatures\/christine_pierson_FR_1488972791.svg"},{"firstname":"Jean-christophe","lastname":"CROS","country":"FR","signature":"\/data\/signatures\/jean-christophe_cros_FR_1488976661.svg"},{"firstname":"Laurent","lastname":"LEBEL","country":"00","signature":"\/data\/signatures\/laurent_lebel.svg"},{"firstname":"Anais","lastname":"GERVAIS","country":"00","signature":"\/data\/signatures\/anais_gervais.svg"},{"firstname":"Florence","lastname":"BERGER","country":"FR","signature":"\/data\/signatures\/florence_berger_FR_1488975910.svg"},{"firstname":"Yann","lastname":"LE MERLE","country":"00","signature":"\/data\/signatures\/yann_le merle.svg"},{"firstname":"Serge","lastname":"GASPAILLARD","country":"00","signature":"\/data\/signatures\/serge_gaspaillard.svg"},{"firstname":"Simon","lastname":"PONCET","country":"UK","signature":"\/data\/signatures\/simon_poncet_UK_1488975181.svg"},{"firstname":"Th\u00e9r\u00e8se","lastname":"PHILIP","country":"FR","signature":"\/data\/signatures\/th\u00e9r\u00e8se_philip_FR_1488972149.svg"},{"firstname":"Neyla","lastname":"LADJOUZE","country":"FR","signature":"\/data\/signatures\/neyla_ladjouze_FR_1488975622.svg"},{"firstname":"Harry","lastname":"CUSTOS","country":"00","signature":"\/data\/signatures\/harry_custos.svg"},{"firstname":"Daniel","lastname":"FAIVRET","country":"00","signature":"\/data\/signatures\/daniel_faivret.svg"},{"firstname":"Earwin","lastname":"SOTIN","country":"FR","signature":"\/data\/signatures\/earwin_sotin_FR_1488974582.svg"},{"firstname":"Thierry","lastname":"LARDINOIT","country":"00","signature":"\/data\/signatures\/thierry_lardinoit.svg"},{"firstname":"Brigitte","lastname":"BONRAISIN","country":"FR","signature":"\/data\/signatures\/brigitte _bonraisin _FR_1488973629.svg"},{"firstname":"Thierry","lastname":"CHABANCE","country":"FR","signature":"\/data\/signatures\/thierry_chabance_FR_1488971286.svg"},{"firstname":"David","lastname":"KLEIN","country":"FR","signature":"\/data\/signatures\/david_klein_FR_1488968431.svg"},{"firstname":"Nestor","lastname":"B\u00e9LICARD","country":"00","signature":"\/data\/signatures\/nestor_b\u00e9licard.svg"},{"firstname":"Alain","lastname":"LIME","country":"00","signature":"\/data\/signatures\/alain_lime.svg"},{"firstname":"Jacqueline","lastname":"DUBOIS","country":"00","signature":"\/data\/signatures\/jacqueline_dubois_1488968173.svg"},{"firstname":"Benaouda","lastname":"KARIM","country":"FR","signature":"\/data\/signatures\/benaouda _karim_FR_1488975751.svg"},{"firstname":"Yves","lastname":"HEINTZ","country":"00","signature":"\/data\/signatures\/yves _heintz .svg"},{"firstname":"Allan","lastname":"BOUAMRANE","country":"00","signature":"\/data\/signatures\/allan_bouamrane.svg"},{"firstname":"Anne","lastname":"ROUBET","country":"00","signature":"\/data\/signatures\/anne_roubet.svg"},{"firstname":"Maria paz","lastname":"FAVE USACH","country":"00","signature":"\/data\/signatures\/maria paz_fave usach.svg"},{"firstname":"Herv\u00e9","lastname":"BALLE","country":"FR","signature":"\/data\/signatures\/herv\u00e9_balle_FR_1488973802.svg"},{"firstname":"Loic","lastname":"D\u00e9NIEL","country":"00","signature":"\/data\/signatures\/loic_d\u00e9niel .svg"},{"firstname":"Bruno","lastname":"R\u00e9BUFIE","country":"00","signature":"\/data\/signatures\/bruno_r\u00e9bufie_1488967002.svg"},{"firstname":"Thibaut","lastname":"FRAYSSE","country":"00","signature":"\/data\/signatures\/thibaut_fraysse_1488966248.svg"},{"firstname":"Charles","lastname":"COUDOR\u00e9","country":"00","signature":"\/data\/signatures\/charles_coudor\u00e9.svg"},{"firstname":"Matthieu","lastname":"MENARD DURAND","country":"00","signature":"\/data\/signatures\/matthieu_menard durand.svg"},{"firstname":"Claude","lastname":"PASQUARELLI","country":"00","signature":"\/data\/signatures\/claude_pasquarelli.svg"},{"firstname":"David","lastname":"BONAMY","country":"00","signature":"\/data\/signatures\/david _bonamy .svg"},{"firstname":"Laure","lastname":"DANY","country":"00","signature":"\/data\/signatures\/laure_dany .svg"},{"firstname":"Chantal","lastname":"PUERTOLAS","country":"00","signature":"\/data\/signatures\/chantal_puertolas.svg"},{"firstname":"H\u00e9l\u00e8ne","lastname":"WEIL","country":"00","signature":"\/data\/signatures\/h\u00e9l\u00e8ne_weil.svg"},{"firstname":"Caroline","lastname":"JENKINS","country":"FR","signature":"\/data\/signatures\/caroline_jenkins_FR_1488969843.svg"},{"firstname":"Damien","lastname":"ROUSSEL","country":"--","signature":"\/data\/signatures\/damien_roussel_--_1488969713.svg"},{"firstname":"Jos\u00e9 luis","lastname":"CAMPINOS","country":"00","signature":"\/data\/signatures\/jos\u00e9 luis_campinos.svg"},{"firstname":"Romain","lastname":"MULLER","country":"00","signature":"\/data\/signatures\/romain_muller.svg"},{"firstname":"Jean","lastname":"LETERRIER","country":"00","signature":"\/data\/signatures\/jean_leterrier.svg"},{"firstname":"Jacques","lastname":"BORNE","country":"00","signature":"\/data\/signatures\/jacques_borne.svg"},{"firstname":"Marc","lastname":"TURB\u00e9","country":"00","signature":"\/data\/signatures\/marc_turb\u00e9.svg"},{"firstname":"Eric","lastname":"COUTURIER","country":"FR","signature":"\/data\/signatures\/eric _couturier _FR_1488976937.svg"},{"firstname":"Paul","lastname":"FLEURANCE","country":"00","signature":"\/data\/signatures\/paul_fleurance.svg"},{"firstname":"Serge","lastname":"VENIAT","country":"00","signature":"\/data\/signatures\/serge_veniat.svg"},{"firstname":"Patrick","lastname":"DUPUIS","country":"00","signature":"\/data\/signatures\/patrick_dupuis_1488966147.svg"},{"firstname":"Philippe","lastname":"SANMARTIN","country":"00","signature":"\/data\/signatures\/philippe _sanmartin .svg"},{"firstname":"Christian","lastname":"LEPESCHEUX","country":"FR","signature":"\/data\/signatures\/christian_lepescheux_FR_1488975749.svg"},{"firstname":"Anne","lastname":"DARDELET","country":"00","signature":"\/data\/signatures\/anne_dardelet.svg"},{"firstname":"Aurelien","lastname":"MAEHL","country":"00","signature":"\/data\/signatures\/aurelien_maehl.svg"},{"firstname":"Michel","lastname":"BARRAL","country":"00","signature":"\/data\/signatures\/michel _barral .svg"},{"firstname":"Hugues","lastname":"HIERNARD","country":"00","signature":"\/data\/signatures\/hugues _hiernard.svg"},{"firstname":"Gaby","lastname":"TUBACH","country":"FR","signature":"\/data\/signatures\/gaby_tubach_FR_1488968971.svg"},{"firstname":"Fr\u00e9d\u00e9ric","lastname":"MAILHOS","country":"00","signature":"\/data\/signatures\/fr\u00e9d\u00e9ric _mailhos .svg"},{"firstname":"Laetitia","lastname":"VARIN","country":"FR","signature":"\/data\/signatures\/laetitia_varin _FR_1488974754.svg"},{"firstname":"Jean christophe","lastname":"GUERAIN","country":"FR","signature":"\/data\/signatures\/jean christophe_guerain_FR_1488973528.svg"},{"firstname":"Jean-luc et genevi\u00e8ve","lastname":"COROLLEUR","country":"FR","signature":"\/data\/signatures\/jean-luc et genevi\u00e8ve_corolleur_FR_1488975133.svg"},{"firstname":"Gery","lastname":"DIVRY","country":"FR","signature":"\/data\/signatures\/gery_divry_FR_1488968350.svg"},{"firstname":"Pierre","lastname":"BATY","country":"00","signature":"\/data\/signatures\/pierre_baty.svg"},{"firstname":"Sylvain","lastname":"MAILLARD","country":"00","signature":"\/data\/signatures\/sylvain _maillard.svg"},{"firstname":"Catherine","lastname":"BELLOC","country":"00","signature":"\/data\/signatures\/catherine _belloc.svg"},{"firstname":"Benoit","lastname":"RENAUD","country":"FR","signature":"\/data\/signatures\/benoit_renaud_FR_1488971121.svg"},{"firstname":"Paul","lastname":"MEMMI","country":"00","signature":"\/data\/signatures\/paul_memmi.svg"},{"firstname":"Jean-louis","lastname":"COUTURIER","country":"00","signature":"\/data\/signatures\/jean-louis_couturier.svg"},{"firstname":"Sylvia","lastname":"ARCOS-SCHMIDT","country":"00","signature":"\/data\/signatures\/sylvia_arcos-schmidt.svg"},{"firstname":"St\u00e9phane","lastname":"LENOBLE","country":"00","signature":"\/data\/signatures\/st\u00e9phane_lenoble.svg"},{"firstname":"David","lastname":"PUGA","country":"FR","signature":"\/data\/signatures\/david _puga _FR_1488970001.svg"},{"firstname":"Michele","lastname":"GUERRIN","country":"FR","signature":"\/data\/signatures\/michele_guerrin_FR_1488972720.svg"},{"firstname":"Bertrand","lastname":"ESCURAT","country":"00","signature":"\/data\/signatures\/bertrand_escurat.svg"},{"firstname":"Daniel","lastname":"BUSSARD","country":"00","signature":"\/data\/signatures\/daniel_bussard.svg"},{"firstname":"Cyril","lastname":"ETIEVANT","country":"00","signature":"\/data\/signatures\/cyril _etievant _1488967973.svg"},{"firstname":"Matthieu","lastname":"LABARRI\u00e8RE","country":"00","signature":"\/data\/signatures\/matthieu_labarri\u00e8re.svg"},{"firstname":"Olivier","lastname":"DENIS","country":"FR","signature":"\/data\/signatures\/olivier_denis_FR_1488969635.svg"},{"firstname":"Jeanphilippe","lastname":"RICO","country":"FR","signature":"\/data\/signatures\/jeanphilippe_rico_FR_1488969824.svg"},{"firstname":"Yassine","lastname":"BICHARA","country":"FR","signature":"\/data\/signatures\/yassine_bichara_FR_1488975425.svg"},{"firstname":"Pascal","lastname":"DEVRIESE","country":"FR","signature":"\/data\/signatures\/pascal_devriese_FR_1488974018.svg"},{"firstname":"Killian","lastname":"DANIS","country":"00","signature":"\/data\/signatures\/killian_danis.svg"},{"firstname":"Brigitte","lastname":"SERRANO","country":"00","signature":"\/data\/signatures\/brigitte_serrano.svg"},{"firstname":"Isabelle","lastname":"PERRIET-ROUX","country":"FR","signature":"\/data\/signatures\/isabelle _perriet-roux _FR_1488972468.svg"},{"firstname":"Pascaline","lastname":"PEDELOSTE","country":"FR","signature":"\/data\/signatures\/pascaline_pedeloste_FR_1488975299.svg"},{"firstname":"Dominique","lastname":"DENOIX","country":"00","signature":"\/data\/signatures\/dominique _denoix .svg"},{"firstname":"Dominique","lastname":"LAURENT","country":"00","signature":"\/data\/signatures\/dominique_laurent.svg"},{"firstname":"Serge","lastname":"BOTTET","country":"00","signature":"\/data\/signatures\/serge_bottet_1488966980.svg"},{"firstname":"S\u00e9bastien","lastname":"HANNEDOUCHE","country":"FR","signature":"\/data\/signatures\/s\u00e9bastien_hannedouche_FR_1488971283.svg"},{"firstname":"Simone","lastname":"FUSI","country":"FR","signature":"\/data\/signatures\/simone_fusi_FR_1488974363.svg"},{"firstname":"Charles","lastname":"DE PONCINS","country":"00","signature":"\/data\/signatures\/charles_de poncins.svg"},{"firstname":"Mathilde","lastname":"HUCHOT","country":"00","signature":"\/data\/signatures\/mathilde_huchot.svg"},{"firstname":"Laurent","lastname":"COURAUDON","country":"00","signature":"\/data\/signatures\/laurent_couraudon.svg"},{"firstname":"Denis","lastname":"RIGAULT","country":"00","signature":"\/data\/signatures\/denis _rigault .svg"},{"firstname":"Odile","lastname":"MOLINI\u00e9","country":"00","signature":"\/data\/signatures\/odile_molini\u00e9.svg"},{"firstname":"Bernard","lastname":"SALEMBIER","country":"00","signature":"\/data\/signatures\/bernard_salembier.svg"},{"firstname":"Lone","lastname":"LOKLINDT","country":"00","signature":"\/data\/signatures\/lone_loklindt.svg"},{"firstname":"Caterina","lastname":"AVANZA","country":"00","signature":"\/data\/signatures\/caterina_avanza.svg"},{"firstname":"Sophie","lastname":"BONERT","country":"00","signature":"\/data\/signatures\/sophie_bonert.svg"},{"firstname":"Damien","lastname":"FRAISSE","country":"00","signature":"\/data\/signatures\/damien_fraisse.svg"},{"firstname":"Christophe","lastname":"MONGUILLON","country":"00","signature":"\/data\/signatures\/christophe_monguillon.svg"},{"firstname":"Philippe","lastname":"HUGUET","country":"FR","signature":"\/data\/signatures\/philippe_huguet_FR_1488968678.svg"},{"firstname":"Adrien","lastname":"GLAS","country":"00","signature":"\/data\/signatures\/adrien_glas.svg"}]