[{"firstname":"Alain ","lastname":"B\u00e9aur ","country":"FR","signature":"\/data\/signatures\/alain _b\u00e9aur _1488967567.svg"},{"firstname":"Martine","lastname":"Chazal","country":"FR","signature":"\/data\/signatures\/martine_chazal_1488967446.svg"},{"firstname":"Mich\u00e8le ","lastname":"Cohadon -Brieff ","country":"FR","signature":"\/data\/signatures\/mich\u00e8le _cohadon -brieff _1488967439.svg"},{"firstname":"\u00c9ric","lastname":"DOMINGUEZ","country":null,"signature":"\/data\/signatures\/\u00c9ric_dominguez.svg"},{"firstname":"Yves","lastname":"PENNEC","country":null,"signature":"\/data\/signatures\/yves_pennec.svg"},{"firstname":"Yves ","lastname":"HEINTZ ","country":null,"signature":"\/data\/signatures\/yves _heintz .svg"},{"firstname":"Yoann","lastname":"HOMMEL","country":null,"signature":"\/data\/signatures\/yoann_hommel.svg"},{"firstname":"Yann","lastname":"LE MERLE","country":null,"signature":"\/data\/signatures\/yann_le merle.svg"},{"firstname":"Yann","lastname":"LE GALL","country":null,"signature":"\/data\/signatures\/yann_le gall.svg"},{"firstname":"Yann","lastname":"DORTINDEGUEY","country":null,"signature":"\/data\/signatures\/yann_dortindeguey.svg"},{"firstname":"Yana","lastname":"PROKOFYEVA","country":null,"signature":"\/data\/signatures\/yana_prokofyeva.svg"},{"firstname":"Xavier","lastname":"GINOUX","country":null,"signature":"\/data\/signatures\/xavier_ginoux.svg"},{"firstname":"Xavier","lastname":"GIDA","country":null,"signature":"\/data\/signatures\/xavier_gida.svg"},{"firstname":"Walid","lastname":"MERAD-BOUDIA","country":null,"signature":"\/data\/signatures\/walid_merad-boudia.svg"},{"firstname":"Vincent ","lastname":"LE MEAUX","country":null,"signature":"\/data\/signatures\/vincent _le meaux.svg"},{"firstname":"Victor","lastname":"MARTIN","country":null,"signature":"\/data\/signatures\/victor_martin.svg"},{"firstname":"Victor","lastname":"BREHERET","country":null,"signature":"\/data\/signatures\/victor_breheret.svg"},{"firstname":"Verlin richard","lastname":"BEKA BEKA","country":null,"signature":"\/data\/signatures\/verlin richard_beka beka.svg"},{"firstname":"Vanessa","lastname":"CERMAK","country":null,"signature":"\/data\/signatures\/vanessa_cermak.svg"},{"firstname":"Val\u00e9rie ","lastname":"VILA ","country":null,"signature":"\/data\/signatures\/val\u00e9rie _vila .svg"},{"firstname":"Valerie","lastname":"DUVERT","country":null,"signature":"\/data\/signatures\/valerie_duvert_1488965956.svg"},{"firstname":"Ulysse","lastname":"BONNAIRE-DUMOULIN","country":null,"signature":"\/data\/signatures\/ulysse_bonnaire-dumoulin.svg"},{"firstname":"Tristan","lastname":"DEGUILHEM","country":null,"signature":"\/data\/signatures\/tristan_deguilhem.svg"},{"firstname":"Tony","lastname":"GIL","country":null,"signature":"\/data\/signatures\/tony_gil_1488966155.svg"},{"firstname":"Timoty","lastname":"SAVOURE","country":null,"signature":"\/data\/signatures\/timoty_savoure.svg"},{"firstname":"Thomas","lastname":"PEDOUSSAUT","country":null,"signature":"\/data\/signatures\/thomas_pedoussaut.svg"},{"firstname":"Thomas","lastname":"LEHMANN","country":null,"signature":"\/data\/signatures\/thomas_lehmann.svg"},{"firstname":"Thomas","lastname":"DUCADOS","country":null,"signature":"\/data\/signatures\/thomas_ducados.svg"},{"firstname":"Thomas","lastname":"ASSELIN","country":null,"signature":"\/data\/signatures\/thomas_asselin.svg"},{"firstname":"Thomas ","lastname":"NENGRES ","country":null,"signature":"\/data\/signatures\/thomas _nengres .svg"},{"firstname":"Thierry","lastname":"VANHERSEL","country":null,"signature":"\/data\/signatures\/thierry_vanhersel_1488966127.svg"},{"firstname":"Thierry","lastname":"LARDINOIT","country":null,"signature":"\/data\/signatures\/thierry_lardinoit.svg"},{"firstname":"Thierry ","lastname":"SARDA","country":null,"signature":"\/data\/signatures\/thierry _sarda.svg"},{"firstname":"Thibaut","lastname":"FRAYSSE","country":null,"signature":"\/data\/signatures\/thibaut_fraysse_1488966248.svg"},{"firstname":"Thibault","lastname":"LEMAITRE","country":null,"signature":"\/data\/signatures\/thibault_lemaitre_1488967122.svg"},{"firstname":"Tatiana","lastname":"BOILOT","country":null,"signature":"\/data\/signatures\/tatiana_boilot.svg"},{"firstname":"Taoufik","lastname":"EL MAHROUS ","country":null,"signature":"\/data\/signatures\/taoufik_el mahrous .svg"},{"firstname":"S\u00e9bastien","lastname":"ROULEAU","country":null,"signature":"\/data\/signatures\/s\u00e9bastien_rouleau.svg"},{"firstname":"Sylvie","lastname":"ROMANI","country":null,"signature":"\/data\/signatures\/sylvie_romani.svg"},{"firstname":"Sylvie","lastname":"DAUVET GRANGEON","country":null,"signature":"\/data\/signatures\/sylvie_dauvet grangeon.svg"},{"firstname":"Sylvia","lastname":"ARCOS-SCHMIDT","country":null,"signature":"\/data\/signatures\/sylvia_arcos-schmidt.svg"},{"firstname":"Sylvain","lastname":"MONTANO","country":null,"signature":"\/data\/signatures\/sylvain_montano.svg"},{"firstname":"Sylvain ","lastname":"MAILLARD","country":null,"signature":"\/data\/signatures\/sylvain _maillard.svg"},{"firstname":"St\u00e9phane","lastname":"MARIE","country":null,"signature":"\/data\/signatures\/st\u00e9phane_marie.svg"},{"firstname":"St\u00e9phane","lastname":"LENOBLE","country":null,"signature":"\/data\/signatures\/st\u00e9phane_lenoble.svg"},{"firstname":"St\u00e9phane","lastname":"ALBOU","country":null,"signature":"\/data\/signatures\/st\u00e9phane_albou.svg"},{"firstname":"Steven","lastname":"BOULANG\u00e9","country":null,"signature":"\/data\/signatures\/steven_boulang\u00e9.svg"},{"firstname":"Stephane","lastname":"SAMOUILHAN","country":null,"signature":"\/data\/signatures\/stephane_samouilhan.svg"},{"firstname":"Sourya","lastname":"ZINNOURY","country":null,"signature":"\/data\/signatures\/sourya_zinnoury.svg"},{"firstname":"Sophie","lastname":"COLOMBAIN","country":null,"signature":"\/data\/signatures\/sophie_colombain.svg"},{"firstname":"Sophie","lastname":"BONERT","country":null,"signature":"\/data\/signatures\/sophie_bonert.svg"},{"firstname":"Sophie","lastname":"ARTHUIS","country":null,"signature":"\/data\/signatures\/sophie_arthuis.svg"},{"firstname":"Sofie","lastname":"CARSTEN NIELSEN ","country":null,"signature":"\/data\/signatures\/sofie_carsten nielsen .svg"},{"firstname":"Serge","lastname":"VENIAT","country":null,"signature":"\/data\/signatures\/serge_veniat.svg"},{"firstname":"Serge","lastname":"GASPAILLARD","country":null,"signature":"\/data\/signatures\/serge_gaspaillard.svg"},{"firstname":"Serge","lastname":"BOTTET","country":null,"signature":"\/data\/signatures\/serge_bottet_1488966980.svg"},{"firstname":"Sebastien","lastname":"MEFFLET","country":null,"signature":"\/data\/signatures\/sebastien_mefflet.svg"},{"firstname":"Sebastien","lastname":"BOURDILLON","country":null,"signature":"\/data\/signatures\/sebastien_bourdillon.svg"},{"firstname":"Sandro","lastname":"MARTIN","country":null,"signature":"\/data\/signatures\/sandro_martin.svg"},{"firstname":"Sandrine","lastname":"KAISER","country":null,"signature":"\/data\/signatures\/sandrine_kaiser.svg"},{"firstname":"Sanda","lastname":"BRUN","country":null,"signature":"\/data\/signatures\/sanda_brun.svg"},{"firstname":"Samia ","lastname":"AIT","country":null,"signature":"\/data\/signatures\/samia _ait.svg"},{"firstname":"Sacha","lastname":"RAYNAUD","country":null,"signature":"\/data\/signatures\/sacha_raynaud.svg"},{"firstname":"R\u00e9mi ","lastname":"BALTHAZARD ","country":null,"signature":"\/data\/signatures\/r\u00e9mi _balthazard .svg"},{"firstname":"Rosine","lastname":"JEHL-LE SERGENT","country":null,"signature":"\/data\/signatures\/rosine_jehl-le sergent.svg"},{"firstname":"Rosana","lastname":"CASTRO","country":null,"signature":"\/data\/signatures\/rosana_castro.svg"},{"firstname":"Romain","lastname":"MULLER","country":null,"signature":"\/data\/signatures\/romain_muller.svg"},{"firstname":"Robin","lastname":"BODENGHIEN","country":null,"signature":"\/data\/signatures\/robin_bodenghien.svg"},{"firstname":"Renaud","lastname":"GU\u00e9RIN ","country":null,"signature":"\/data\/signatures\/renaud_gu\u00e9rin .svg"},{"firstname":"Renata","lastname":"POUTOT","country":null,"signature":"\/data\/signatures\/renata_poutot.svg"},{"firstname":"Remy","lastname":"CHIAPOLINI","country":null,"signature":"\/data\/signatures\/remy_chiapolini.svg"},{"firstname":"Rami","lastname":"AZAR","country":null,"signature":"\/data\/signatures\/rami_azar_1488965941.svg"},{"firstname":"Rami","lastname":"AZAR","country":null,"signature":"\/data\/signatures\/rami_azar.svg"},{"firstname":"Pieyre-alexandre","lastname":"ANGLADE","country":null,"signature":"\/data\/signatures\/pieyre-alexandre_anglade.svg"},{"firstname":"Pierre","lastname":"PLOUZENNEC","country":null,"signature":"\/data\/signatures\/pierre_plouzennec.svg"},{"firstname":"Pierre","lastname":"MARION DE PROC\u00e9","country":null,"signature":"\/data\/signatures\/pierre_marion de proc\u00e9_1488966554.svg"},{"firstname":"Pierre","lastname":"COMMERE","country":null,"signature":"\/data\/signatures\/pierre_commere.svg"},{"firstname":"Pierre","lastname":"CHASTROUX","country":null,"signature":"\/data\/signatures\/pierre_chastroux.svg"},{"firstname":"Pierre","lastname":"BATY","country":null,"signature":"\/data\/signatures\/pierre_baty.svg"},{"firstname":"Pierre-antoine","lastname":"QUELIN","country":null,"signature":"\/data\/signatures\/pierre-antoine_quelin.svg"},{"firstname":"Philippine","lastname":"NGUYEN","country":null,"signature":"\/data\/signatures\/philippine_nguyen.svg"},{"firstname":"Philippe","lastname":"FRADET","country":null,"signature":"\/data\/signatures\/philippe_fradet.svg"},{"firstname":"Philippe","lastname":"CH\u00e2TRY","country":null,"signature":"\/data\/signatures\/philippe_ch\u00e2try.svg"},{"firstname":"Philippe ","lastname":"SANMARTIN ","country":null,"signature":"\/data\/signatures\/philippe _sanmartin .svg"},{"firstname":"Peter","lastname":"LEWANDOWSKI","country":null,"signature":"\/data\/signatures\/peter_lewandowski.svg"},{"firstname":"Pauline","lastname":"TAWIL","country":null,"signature":"\/data\/signatures\/pauline_tawil.svg"},{"firstname":"Paul","lastname":"OPREA","country":null,"signature":"\/data\/signatures\/paul_oprea.svg"},{"firstname":"Paul","lastname":"MEMMI","country":null,"signature":"\/data\/signatures\/paul_memmi.svg"},{"firstname":"Paul","lastname":"FLEURANCE","country":null,"signature":"\/data\/signatures\/paul_fleurance.svg"},{"firstname":"Patrick","lastname":"LEGRAND","country":null,"signature":"\/data\/signatures\/patrick_legrand.svg"},{"firstname":"Patrick","lastname":"DUPUIS","country":null,"signature":"\/data\/signatures\/patrick_dupuis_1488966147.svg"},{"firstname":"Pascale","lastname":"POIGNON","country":null,"signature":"\/data\/signatures\/pascale_poignon.svg"},{"firstname":"Pascale","lastname":"LECOURT","country":null,"signature":"\/data\/signatures\/pascale_lecourt_1488966599.svg"},{"firstname":"Pascal","lastname":"GENTIL","country":null,"signature":"\/data\/signatures\/pascal_gentil.svg"},{"firstname":"Pascal ","lastname":"PATRIER ","country":null,"signature":"\/data\/signatures\/pascal _patrier .svg"},{"firstname":"Olivier","lastname":"SULMON","country":null,"signature":"\/data\/signatures\/olivier_sulmon.svg"},{"firstname":"Olivier","lastname":"DULONG","country":null,"signature":"\/data\/signatures\/olivier_dulong.svg"},{"firstname":"Odile","lastname":"MOLINI\u00e9","country":null,"signature":"\/data\/signatures\/odile_molini\u00e9.svg"},{"firstname":"Nicole","lastname":"GR\u00fcNBAUM","country":null,"signature":"\/data\/signatures\/nicole_gr\u00fcnbaum.svg"},{"firstname":"Nicolas","lastname":"DARBOIS","country":null,"signature":"\/data\/signatures\/nicolas_darbois.svg"},{"firstname":"Nestor","lastname":"B\u00e9LICARD","country":null,"signature":"\/data\/signatures\/nestor_b\u00e9licard.svg"},{"firstname":"Nathalie","lastname":"PINOY","country":null,"signature":"\/data\/signatures\/nathalie_pinoy_1488965981.svg"},{"firstname":"Nathalie","lastname":"GINOUX","country":null,"signature":"\/data\/signatures\/nathalie_ginoux.svg"},{"firstname":"Nadine ","lastname":"AKHROUF","country":null,"signature":"\/data\/signatures\/nadine _akhrouf_1488965975.svg"},{"firstname":"Nadia","lastname":"MAUBOIS ","country":null,"signature":"\/data\/signatures\/nadia_maubois .svg"},{"firstname":"Myriam","lastname":"RACHATI","country":null,"signature":"\/data\/signatures\/myriam_rachati_1488966942.svg"},{"firstname":"Murielle","lastname":"PREVOST","country":null,"signature":"\/data\/signatures\/murielle_prevost.svg"},{"firstname":"Morgan-paul","lastname":"CORBI\u00e8RES ","country":null,"signature":"\/data\/signatures\/morgan-paul_corbi\u00e8res .svg"},{"firstname":"Mohamed-abdellahi","lastname":"ABBE","country":null,"signature":"\/data\/signatures\/mohamed-abdellahi_abbe.svg"},{"firstname":"Mika\u00ebl","lastname":"ANDRE","country":null,"signature":"\/data\/signatures\/mika\u00ebl_andre.svg"},{"firstname":"Micka\u00ebl ","lastname":"GASTON ","country":null,"signature":"\/data\/signatures\/micka\u00ebl _gaston _1488966801.svg"},{"firstname":"Michelle ","lastname":"COREGGI ","country":null,"signature":"\/data\/signatures\/michelle _coreggi .svg"},{"firstname":"Micheline","lastname":"HONORE ","country":null,"signature":"\/data\/signatures\/micheline_honore .svg"},{"firstname":"Michel","lastname":"LIVAGE","country":null,"signature":"\/data\/signatures\/michel_livage.svg"},{"firstname":"Michel ","lastname":"BARRAL ","country":null,"signature":"\/data\/signatures\/michel _barral .svg"},{"firstname":"Maxime","lastname":"DUDA","country":null,"signature":"\/data\/signatures\/maxime_duda.svg"},{"firstname":"Maxime ","lastname":"LELI\u00e8VRE","country":null,"signature":"\/data\/signatures\/maxime _leli\u00e8vre.svg"},{"firstname":"Maxime ","lastname":"JABET ","country":null,"signature":"\/data\/signatures\/maxime _jabet .svg"},{"firstname":"Matthieu","lastname":"MENARD DURAND","country":null,"signature":"\/data\/signatures\/matthieu_menard durand.svg"},{"firstname":"Matthieu","lastname":"LABARRI\u00e8RE","country":null,"signature":"\/data\/signatures\/matthieu_labarri\u00e8re.svg"},{"firstname":"Matthieu","lastname":"BOURASSEAU","country":null,"signature":"\/data\/signatures\/matthieu_bourasseau.svg"},{"firstname":"Mathilde","lastname":"HUCHOT","country":null,"signature":"\/data\/signatures\/mathilde_huchot.svg"},{"firstname":"Mathilde ","lastname":"CHAREYRON ","country":null,"signature":"\/data\/signatures\/mathilde _chareyron .svg"},{"firstname":"Martine ","lastname":"CLAES","country":null,"signature":"\/data\/signatures\/martine _claes.svg"},{"firstname":"Martin","lastname":"JOURDAN","country":null,"signature":"\/data\/signatures\/martin_jourdan.svg"},{"firstname":"Martin","lastname":"DANEY","country":null,"signature":"\/data\/signatures\/martin_daney.svg"},{"firstname":"Martin","lastname":"BERTIGNON","country":null,"signature":"\/data\/signatures\/martin_bertignon.svg"},{"firstname":"Mari\u00e9 jos\u00e9 ","lastname":"GUILLOT ","country":null,"signature":"\/data\/signatures\/mari\u00e9 jos\u00e9 _guillot .svg"},{"firstname":"Marion","lastname":"SOURY","country":null,"signature":"\/data\/signatures\/marion_soury.svg"},{"firstname":"Marina","lastname":"TYMEN","country":null,"signature":"\/data\/signatures\/marina_tymen.svg"},{"firstname":"Marie","lastname":"GODET","country":null,"signature":"\/data\/signatures\/marie_godet.svg"},{"firstname":"Marie ","lastname":"STEICHEN ","country":null,"signature":"\/data\/signatures\/marie _steichen .svg"},{"firstname":"Marie ","lastname":"MAUGER","country":null,"signature":"\/data\/signatures\/marie _mauger.svg"},{"firstname":"Marie ","lastname":"MAS","country":null,"signature":"\/data\/signatures\/marie _mas.svg"},{"firstname":"Mariame","lastname":"MAJGAGUE","country":null,"signature":"\/data\/signatures\/mariame_majgague.svg"},{"firstname":"Maria paz","lastname":"FAVE USACH","country":null,"signature":"\/data\/signatures\/maria paz_fave usach.svg"},{"firstname":"Marc","lastname":"TURB\u00e9","country":null,"signature":"\/data\/signatures\/marc_turb\u00e9.svg"},{"firstname":"Marc","lastname":"DISERENS","country":null,"signature":"\/data\/signatures\/marc_diserens.svg"},{"firstname":"Lucien","lastname":"ARCOS","country":null,"signature":"\/data\/signatures\/lucien_arcos.svg"},{"firstname":"Lucas","lastname":"RICHEZ","country":null,"signature":"\/data\/signatures\/lucas_richez.svg"},{"firstname":"Luc","lastname":"KIEFFER","country":null,"signature":"\/data\/signatures\/luc_kieffer.svg"},{"firstname":"Luc ","lastname":"LAFON","country":null,"signature":"\/data\/signatures\/luc _lafon.svg"},{"firstname":"Lo\u00efc","lastname":"DELORME","country":null,"signature":"\/data\/signatures\/lo\u00efc_delorme.svg"},{"firstname":"Louisette","lastname":"GUERAUD","country":null,"signature":"\/data\/signatures\/louisette_gueraud_1488966297.svg"},{"firstname":"Lone","lastname":"LOKLINDT","country":null,"signature":"\/data\/signatures\/lone_loklindt.svg"},{"firstname":"Loic","lastname":"D\u00e9NIEL ","country":null,"signature":"\/data\/signatures\/loic_d\u00e9niel .svg"},{"firstname":"Lionel","lastname":"ASTRED","country":null,"signature":"\/data\/signatures\/lionel_astred.svg"},{"firstname":"Laurent","lastname":"LEBEL","country":null,"signature":"\/data\/signatures\/laurent_lebel.svg"},{"firstname":"Laurent","lastname":"COURAUDON","country":null,"signature":"\/data\/signatures\/laurent_couraudon.svg"},{"firstname":"Laurent","lastname":"CHAMPONNOIS","country":null,"signature":"\/data\/signatures\/laurent_champonnois.svg"},{"firstname":"Laurence","lastname":"STALHBERGER","country":null,"signature":"\/data\/signatures\/laurence_stalhberger.svg"},{"firstname":"Laure","lastname":"DANY ","country":null,"signature":"\/data\/signatures\/laure_dany .svg"},{"firstname":"Killian","lastname":"DANIS","country":null,"signature":"\/data\/signatures\/killian_danis.svg"},{"firstname":"Kevin","lastname":"PELL\u00e9","country":null,"signature":"\/data\/signatures\/kevin_pell\u00e9.svg"},{"firstname":"Kevin","lastname":"LOIDON","country":null,"signature":"\/data\/signatures\/kevin_loidon.svg"},{"firstname":"Karen","lastname":"MELCHIOR","country":null,"signature":"\/data\/signatures\/karen_melchior.svg"},{"firstname":"Kaj","lastname":"SMEDEMARK","country":null,"signature":"\/data\/signatures\/kaj_smedemark.svg"},{"firstname":"J\u00e9r\u00e9mie","lastname":"STUTZ","country":null,"signature":"\/data\/signatures\/j\u00e9r\u00e9mie_stutz.svg"},{"firstname":"Julien","lastname":"KAUFFMANN","country":null,"signature":"\/data\/signatures\/julien_kauffmann.svg"},{"firstname":"Julien ","lastname":"CHAMPOMMIER ","country":null,"signature":"\/data\/signatures\/julien _champommier .svg"},{"firstname":"Julie","lastname":"TIMON","country":null,"signature":"\/data\/signatures\/julie_timon.svg"},{"firstname":"Jos\u00e9 luis","lastname":"CAMPINOS","country":null,"signature":"\/data\/signatures\/jos\u00e9 luis_campinos.svg"},{"firstname":"Jocelyn","lastname":"PINAULT","country":null,"signature":"\/data\/signatures\/jocelyn_pinault.svg"},{"firstname":"Jerome","lastname":"CLERAMBAULT","country":null,"signature":"\/data\/signatures\/jerome_clerambault.svg"},{"firstname":"Jeremy","lastname":"PARIS","country":null,"signature":"\/data\/signatures\/jeremy_paris.svg"},{"firstname":"Jeremy ","lastname":"GARGAM ","country":null,"signature":"\/data\/signatures\/jeremy _gargam .svg"},{"firstname":"Jennifer","lastname":"RICHARD","country":null,"signature":"\/data\/signatures\/jennifer_richard.svg"},{"firstname":"Jean","lastname":"LETERRIER","country":null,"signature":"\/data\/signatures\/jean_leterrier.svg"},{"firstname":"Jean-philippe","lastname":"G\u00c9RAULT ","country":null,"signature":"\/data\/signatures\/jean-philippe_g\u00c9rault .svg"},{"firstname":"Jean-philippe ","lastname":"BATTEDOU ","country":null,"signature":"\/data\/signatures\/jean-philippe _battedou .svg"},{"firstname":"Jean-luc  ","lastname":"TH\u00e9RON ","country":null,"signature":"\/data\/signatures\/jean-luc  _th\u00e9ron .svg"},{"firstname":"Jean-louis","lastname":"COUTURIER","country":null,"signature":"\/data\/signatures\/jean-louis_couturier.svg"},{"firstname":"Jean-jacques ","lastname":"DEMRI","country":null,"signature":"\/data\/signatures\/jean-jacques _demri_1488967354.svg"},{"firstname":"Jean-christophe ","lastname":"DIJOUX","country":null,"signature":"\/data\/signatures\/jean-christophe _dijoux.svg"},{"firstname":"Jean-charles","lastname":"LARSONNEUR","country":null,"signature":"\/data\/signatures\/jean-charles_larsonneur.svg"},{"firstname":"Jean michel","lastname":"RONDET","country":null,"signature":"\/data\/signatures\/jean michel_rondet_1488966673.svg"},{"firstname":"Jean marie","lastname":"DE HULSTER","country":null,"signature":"\/data\/signatures\/jean marie_de hulster.svg"},{"firstname":"Jean luc","lastname":"TINLAND","country":null,"signature":"\/data\/signatures\/jean luc_tinland.svg"},{"firstname":"Jean luc","lastname":"LE MAOUT","country":null,"signature":"\/data\/signatures\/jean luc_le maout.svg"},{"firstname":"Jean louis","lastname":"SPERANDIO","country":null,"signature":"\/data\/signatures\/jean louis_sperandio.svg"},{"firstname":"Janine","lastname":"SPERANDIO","country":null,"signature":"\/data\/signatures\/janine_sperandio.svg"},{"firstname":"Jan ","lastname":"GABRIEL ","country":null,"signature":"\/data\/signatures\/jan _gabriel .svg"},{"firstname":"Jacques","lastname":"SIVIGNON","country":null,"signature":"\/data\/signatures\/jacques_sivignon.svg"},{"firstname":"Jacques","lastname":"REYNAUD","country":null,"signature":"\/data\/signatures\/jacques_reynaud.svg"},{"firstname":"Jacques","lastname":"MAZARD","country":null,"signature":"\/data\/signatures\/jacques_mazard.svg"},{"firstname":"Jacques","lastname":"COSQUER","country":null,"signature":"\/data\/signatures\/jacques_cosquer.svg"},{"firstname":"Jacques","lastname":"CALMON","country":null,"signature":"\/data\/signatures\/jacques_calmon.svg"},{"firstname":"Jacques","lastname":"BORNE","country":null,"signature":"\/data\/signatures\/jacques_borne.svg"},{"firstname":"Isabelle","lastname":"LAMBALOT","country":null,"signature":"\/data\/signatures\/isabelle_lambalot.svg"},{"firstname":"Isabelle","lastname":"GUILLAUME","country":null,"signature":"\/data\/signatures\/isabelle_guillaume.svg"},{"firstname":"H\u00e9l\u00e8ne","lastname":"WEIL","country":null,"signature":"\/data\/signatures\/h\u00e9l\u00e8ne_weil.svg"},{"firstname":"Hugues ","lastname":"HIERNARD","country":null,"signature":"\/data\/signatures\/hugues _hiernard.svg"},{"firstname":"Hugo","lastname":"BARTHELEMY","country":null,"signature":"\/data\/signatures\/hugo_barthelemy.svg"},{"firstname":"Herv\u00e9","lastname":"RONSSE","country":null,"signature":"\/data\/signatures\/herv\u00e9_ronsse.svg"},{"firstname":"Herv\u00e9","lastname":"LENOBLE","country":null,"signature":"\/data\/signatures\/herv\u00e9_lenoble.svg"},{"firstname":"Herv\u00e9","lastname":"GR\u00c9LARD","country":null,"signature":"\/data\/signatures\/herv\u00e9_gr\u00c9lard.svg"},{"firstname":"Herv\u00e9 ","lastname":"COLERA PLANCHAT","country":null,"signature":"\/data\/signatures\/herv\u00e9 _colera planchat.svg"},{"firstname":"Harry","lastname":"CUSTOS","country":null,"signature":"\/data\/signatures\/harry_custos.svg"},{"firstname":"Hannah ","lastname":"STARMAN","country":null,"signature":"\/data\/signatures\/hannah _starman.svg"},{"firstname":"G\u00e9rard ","lastname":"GOUSSI\u00c8S ","country":null,"signature":"\/data\/signatures\/g\u00e9rard _goussi\u00c8s .svg"},{"firstname":"Guillaume","lastname":"PEYRON","country":null,"signature":"\/data\/signatures\/guillaume_peyron.svg"},{"firstname":"Guillaume","lastname":"LELEU","country":null,"signature":"\/data\/signatures\/guillaume_leleu.svg"},{"firstname":"Guillaume","lastname":"DE LA BROSSE","country":null,"signature":"\/data\/signatures\/guillaume_de la brosse_1488966542.svg"},{"firstname":"Guillaume","lastname":"BULLIER","country":null,"signature":"\/data\/signatures\/guillaume_bullier.svg"},{"firstname":"Ghislaine","lastname":"RAKOTOARISON ","country":null,"signature":"\/data\/signatures\/ghislaine_rakotoarison .svg"},{"firstname":"Gerard","lastname":"FARIA","country":null,"signature":"\/data\/signatures\/gerard_faria.svg"},{"firstname":"Gerard","lastname":"BLANC","country":null,"signature":"\/data\/signatures\/gerard_blanc.svg"},{"firstname":"Garance","lastname":"PINEAU","country":null,"signature":"\/data\/signatures\/garance_pineau.svg"},{"firstname":"Fr\u00e9d\u00e9ric","lastname":"DUBRASQUET","country":null,"signature":"\/data\/signatures\/fr\u00e9d\u00e9ric_dubrasquet.svg"},{"firstname":"Fr\u00e9d\u00e9ric ","lastname":"MAILHOS ","country":null,"signature":"\/data\/signatures\/fr\u00e9d\u00e9ric _mailhos .svg"},{"firstname":"Frederic","lastname":"CUISANCE","country":null,"signature":"\/data\/signatures\/frederic_cuisance.svg"},{"firstname":"Fran\u00e7ois","lastname":"MOUILLAUD","country":null,"signature":"\/data\/signatures\/fran\u00e7ois_mouillaud.svg"},{"firstname":"Fran\u00e7ois","lastname":"CHAZAL","country":null,"signature":"\/data\/signatures\/fran\u00e7ois_chazal.svg"},{"firstname":"Fran\u00e7ois","lastname":"AUBERT","country":null,"signature":"\/data\/signatures\/fran\u00e7ois_aubert.svg"},{"firstname":"Francois","lastname":"POUZET","country":null,"signature":"\/data\/signatures\/francois_pouzet.svg"},{"firstname":"Francois","lastname":"GAULAIS","country":null,"signature":"\/data\/signatures\/francois_gaulais.svg"},{"firstname":"Francois xavier","lastname":"LAFFIN","country":null,"signature":"\/data\/signatures\/francois xavier_laffin.svg"},{"firstname":"Franck","lastname":"GAPENNE","country":null,"signature":"\/data\/signatures\/franck_gapenne.svg"},{"firstname":"Franck","lastname":"ARIASI","country":null,"signature":"\/data\/signatures\/franck_ariasi.svg"},{"firstname":"Florent","lastname":"LAHEUGUERE-LOUSTALET","country":null,"signature":"\/data\/signatures\/florent_laheuguere-loustalet_1488966795.svg"},{"firstname":"Florent","lastname":"JEANTY","country":null,"signature":"\/data\/signatures\/florent_jeanty.svg"},{"firstname":"Florent abel","lastname":"PECASSOU","country":null,"signature":"\/data\/signatures\/florent abel_pecassou.svg"},{"firstname":"Florence","lastname":"BERNET","country":null,"signature":"\/data\/signatures\/florence_bernet.svg"},{"firstname":"Fenor","lastname":"RIGODON","country":null,"signature":"\/data\/signatures\/fenor_rigodon.svg"},{"firstname":"Fabrice","lastname":"LACHENMAIER","country":null,"signature":"\/data\/signatures\/fabrice_lachenmaier.svg"},{"firstname":"Fabienne","lastname":"RAVASSARD","country":null,"signature":"\/data\/signatures\/fabienne_ravassard.svg"},{"firstname":"Fabienne","lastname":"ATTALI","country":null,"signature":"\/data\/signatures\/fabienne_attali.svg"},{"firstname":"Fabien","lastname":"LEP\u00e8RE","country":null,"signature":"\/data\/signatures\/fabien_lep\u00e8re.svg"},{"firstname":"Evelyne ","lastname":"CO\u00cbT ","country":null,"signature":"\/data\/signatures\/evelyne _co\u00cbt _1488966639.svg"},{"firstname":"Estelle","lastname":"LOZACHMEUR ","country":null,"signature":"\/data\/signatures\/estelle_lozachmeur .svg"},{"firstname":"Eric philippe ","lastname":"ELIAUTOU ","country":null,"signature":"\/data\/signatures\/eric philippe _eliautou .svg"},{"firstname":"Emmanuelle","lastname":"REEVES","country":null,"signature":"\/data\/signatures\/emmanuelle_reeves.svg"},{"firstname":"Emmanuelle","lastname":"CAMPO","country":null,"signature":"\/data\/signatures\/emmanuelle_campo.svg"},{"firstname":"Emmanuel","lastname":"MORUCCI","country":null,"signature":"\/data\/signatures\/emmanuel_morucci.svg"},{"firstname":"Emmanuel ","lastname":"DE LEUSSE ","country":null,"signature":"\/data\/signatures\/emmanuel _de leusse .svg"},{"firstname":"Emilie","lastname":"PROST ","country":null,"signature":"\/data\/signatures\/emilie_prost .svg"},{"firstname":"Elsa","lastname":"MORALES","country":null,"signature":"\/data\/signatures\/elsa_morales.svg"},{"firstname":"Elliott","lastname":"BERNARD","country":null,"signature":"\/data\/signatures\/elliott_bernard.svg"},{"firstname":"Elisabeth ","lastname":"DOMIAT","country":null,"signature":"\/data\/signatures\/elisabeth _domiat.svg"},{"firstname":"Eliette","lastname":"JAFFRAY","country":null,"signature":"\/data\/signatures\/eliette_jaffray.svg"},{"firstname":"Dorian","lastname":"MAILLARD","country":null,"signature":"\/data\/signatures\/dorian_maillard.svg"},{"firstname":"Dominique","lastname":"LAURENT","country":null,"signature":"\/data\/signatures\/dominique_laurent.svg"},{"firstname":"Dominique ","lastname":"THOMAS ","country":null,"signature":"\/data\/signatures\/dominique _thomas .svg"},{"firstname":"Dominique ","lastname":"DENOIX ","country":null,"signature":"\/data\/signatures\/dominique _denoix .svg"},{"firstname":"Dj\u00e9mory ","lastname":"DIABAT\u00e9 ","country":null,"signature":"\/data\/signatures\/dj\u00e9mory _diabat\u00e9 .svg"},{"firstname":"Didier","lastname":"GIROUD","country":null,"signature":"\/data\/signatures\/didier_giroud.svg"},{"firstname":"Didier","lastname":"CHAUDET","country":null,"signature":"\/data\/signatures\/didier_chaudet.svg"},{"firstname":"Didier","lastname":"BAICH\u00e8RE ","country":null,"signature":"\/data\/signatures\/didier_baich\u00e8re .svg"},{"firstname":"Diabat\u00e9 ","lastname":"DJ\u00e9MORY ","country":null,"signature":"\/data\/signatures\/diabat\u00e9 _dj\u00e9mory .svg"},{"firstname":"Denis","lastname":"MASSEGLIA ","country":null,"signature":"\/data\/signatures\/denis_masseglia .svg"},{"firstname":"Denis","lastname":"DUPERTHUY","country":null,"signature":"\/data\/signatures\/denis_duperthuy.svg"},{"firstname":"Denis","lastname":"BERNARD","country":null,"signature":"\/data\/signatures\/denis_bernard.svg"},{"firstname":"Denis ","lastname":"RIGAULT ","country":null,"signature":"\/data\/signatures\/denis _rigault .svg"},{"firstname":"David","lastname":"VIDAL PONSARD","country":null,"signature":"\/data\/signatures\/david_vidal ponsard.svg"},{"firstname":"David","lastname":"SAUSSOL","country":null,"signature":"\/data\/signatures\/david_saussol.svg"},{"firstname":"David","lastname":"GEORGET","country":null,"signature":"\/data\/signatures\/david_georget.svg"},{"firstname":"David","lastname":"GAUDIN","country":null,"signature":"\/data\/signatures\/david_gaudin.svg"},{"firstname":"David","lastname":"DUVAL","country":null,"signature":"\/data\/signatures\/david_duval.svg"},{"firstname":"David","lastname":"AMSELEK","country":null,"signature":"\/data\/signatures\/david_amselek.svg"},{"firstname":"David ","lastname":"BONAMY ","country":null,"signature":"\/data\/signatures\/david _bonamy .svg"},{"firstname":"Daniel","lastname":"VIGNERON","country":null,"signature":"\/data\/signatures\/daniel_vigneron.svg"},{"firstname":"Daniel","lastname":"FAIVRET","country":null,"signature":"\/data\/signatures\/daniel_faivret.svg"},{"firstname":"Daniel","lastname":"BUSSARD","country":null,"signature":"\/data\/signatures\/daniel_bussard.svg"},{"firstname":"Danie","lastname":"BRIDE","country":null,"signature":"\/data\/signatures\/danie_bride.svg"},{"firstname":"Damien","lastname":"FRAISSE","country":null,"signature":"\/data\/signatures\/damien_fraisse.svg"},{"firstname":"Damien ","lastname":"LEROY ","country":null,"signature":"\/data\/signatures\/damien _leroy .svg"},{"firstname":"Cyrille","lastname":"OUNDI ","country":null,"signature":"\/data\/signatures\/cyrille_oundi .svg"},{"firstname":"Corine","lastname":"RONDET","country":null,"signature":"\/data\/signatures\/corine_rondet_1488966569.svg"},{"firstname":"Corine","lastname":"RONDET","country":null,"signature":"\/data\/signatures\/corine_rondet_1488966190.svg"},{"firstname":"Corentin","lastname":"HUNEAU","country":null,"signature":"\/data\/signatures\/corentin_huneau.svg"},{"firstname":"Cl\u00e9ment","lastname":"ROBIN","country":null,"signature":"\/data\/signatures\/cl\u00e9ment_robin.svg"},{"firstname":"Cl\u00e9ment","lastname":"LEFEVRE","country":null,"signature":"\/data\/signatures\/cl\u00e9ment_lefevre.svg"},{"firstname":"Cl\u00e9ment ","lastname":"COMBAL ","country":null,"signature":"\/data\/signatures\/cl\u00e9ment _combal .svg"},{"firstname":"Cl\u00e9mence","lastname":"BILLOT","country":null,"signature":"\/data\/signatures\/cl\u00e9mence_billot.svg"},{"firstname":"Clement","lastname":"VIGNAULT","country":null,"signature":"\/data\/signatures\/clement_vignault.svg"},{"firstname":"Clemence","lastname":"SEGAL","country":null,"signature":"\/data\/signatures\/clemence_segal.svg"},{"firstname":"Claudette","lastname":"GUERAUD","country":null,"signature":"\/data\/signatures\/claudette_gueraud.svg"},{"firstname":"Claude","lastname":"SONMEZ","country":null,"signature":"\/data\/signatures\/claude_sonmez.svg"},{"firstname":"Claude","lastname":"PASQUARELLI","country":null,"signature":"\/data\/signatures\/claude_pasquarelli.svg"},{"firstname":"Claude","lastname":"COUQUET","country":null,"signature":"\/data\/signatures\/claude_couquet.svg"},{"firstname":"Claire","lastname":"VERNET-GARNIER","country":null,"signature":"\/data\/signatures\/claire_vernet-garnier.svg"},{"firstname":"Claire","lastname":"DUHAUT ","country":null,"signature":"\/data\/signatures\/claire_duhaut .svg"},{"firstname":"Christopher","lastname":"SOCCIO","country":null,"signature":"\/data\/signatures\/christopher_soccio.svg"},{"firstname":"Christophe","lastname":"MONGUILLON","country":null,"signature":"\/data\/signatures\/christophe_monguillon.svg"},{"firstname":"Christophe","lastname":"MASSON","country":null,"signature":"\/data\/signatures\/christophe_masson.svg"},{"firstname":"Christophe","lastname":"HERAUD","country":null,"signature":"\/data\/signatures\/christophe_heraud.svg"},{"firstname":"Christophe","lastname":"FRANCO","country":null,"signature":"\/data\/signatures\/christophe_franco.svg"},{"firstname":"Christophe","lastname":"CASTANI\u00e9","country":null,"signature":"\/data\/signatures\/christophe_castani\u00e9.svg"},{"firstname":"Christophe","lastname":"BRUNELLE","country":null,"signature":"\/data\/signatures\/christophe_brunelle.svg"},{"firstname":"Christine","lastname":"GUILLET","country":null,"signature":"\/data\/signatures\/christine_guillet.svg"},{"firstname":"Christian","lastname":"SILVESTRE","country":null,"signature":"\/data\/signatures\/christian_silvestre.svg"},{"firstname":"Christian","lastname":"MUNCHENBACH","country":null,"signature":"\/data\/signatures\/christian_munchenbach.svg"},{"firstname":"Christian","lastname":"ALBAN","country":null,"signature":"\/data\/signatures\/christian_alban.svg"},{"firstname":"Christian ","lastname":"P\u00e9NEAU ","country":null,"signature":"\/data\/signatures\/christian _p\u00e9neau .svg"},{"firstname":"Christian ","lastname":"MARCHESSEAU ","country":null,"signature":"\/data\/signatures\/christian _marchesseau .svg"},{"firstname":"Chloe","lastname":"GUEDEL","country":null,"signature":"\/data\/signatures\/chloe_guedel.svg"},{"firstname":"Charles","lastname":"DE PONCINS","country":null,"signature":"\/data\/signatures\/charles_de poncins.svg"},{"firstname":"Charles","lastname":"COUDOR\u00e9","country":null,"signature":"\/data\/signatures\/charles_coudor\u00e9.svg"},{"firstname":"Chantal","lastname":"PUERTOLAS","country":null,"signature":"\/data\/signatures\/chantal_puertolas.svg"},{"firstname":"Chantal","lastname":"LEPRETRE","country":null,"signature":"\/data\/signatures\/chantal_lepretre.svg"},{"firstname":"Chang hua","lastname":"PENG","country":null,"signature":"\/data\/signatures\/chang hua_peng.svg"},{"firstname":"Cedric","lastname":"AMRAM","country":null,"signature":"\/data\/signatures\/cedric_amram.svg"},{"firstname":"Catherine ","lastname":"GUIBOURG","country":null,"signature":"\/data\/signatures\/catherine _guibourg.svg"},{"firstname":"Catherine ","lastname":"GADIOU","country":null,"signature":"\/data\/signatures\/catherine _gadiou.svg"},{"firstname":"Catherine ","lastname":"BELLOC","country":null,"signature":"\/data\/signatures\/catherine _belloc.svg"},{"firstname":"Caterina","lastname":"AVANZA","country":null,"signature":"\/data\/signatures\/caterina_avanza.svg"},{"firstname":"B\u00e9n\u00e9dicte","lastname":"MAUGEST","country":null,"signature":"\/data\/signatures\/b\u00e9n\u00e9dicte_maugest.svg"},{"firstname":"Bruno","lastname":"R\u00e9BUFIE","country":null,"signature":"\/data\/signatures\/bruno_r\u00e9bufie_1488967002.svg"},{"firstname":"Bruno","lastname":"LUCAS","country":null,"signature":"\/data\/signatures\/bruno_lucas_1488966235.svg"},{"firstname":"Bruno ","lastname":"FEDRICI ","country":null,"signature":"\/data\/signatures\/bruno _fedrici .svg"},{"firstname":"Brigitte","lastname":"SERRANO","country":null,"signature":"\/data\/signatures\/brigitte_serrano.svg"},{"firstname":"Brigitte","lastname":"CHARPENTIER","country":null,"signature":"\/data\/signatures\/brigitte_charpentier.svg"},{"firstname":"Brigitte ","lastname":"CONTENT ","country":null,"signature":"\/data\/signatures\/brigitte _content _1488966025.svg"},{"firstname":"Blaise","lastname":"JAEGER","country":null,"signature":"\/data\/signatures\/blaise_jaeger.svg"},{"firstname":"Bertrand","lastname":"ESCURAT","country":null,"signature":"\/data\/signatures\/bertrand_escurat.svg"},{"firstname":"Bertrand","lastname":"DE CORDOUE","country":null,"signature":"\/data\/signatures\/bertrand_de cordoue.svg"},{"firstname":"Bernard","lastname":"SALEMBIER","country":null,"signature":"\/data\/signatures\/bernard_salembier.svg"},{"firstname":"Bernard","lastname":"MOREAU","country":null,"signature":"\/data\/signatures\/bernard_moreau.svg"},{"firstname":"Bernard","lastname":"LESIUK","country":null,"signature":"\/data\/signatures\/bernard_lesiuk.svg"},{"firstname":"Bernard","lastname":"CALVEL","country":null,"signature":"\/data\/signatures\/bernard_calvel.svg"},{"firstname":"Beno\u00eet","lastname":"VETTIER","country":null,"signature":"\/data\/signatures\/beno\u00eet_vettier.svg"},{"firstname":"Benjamin","lastname":"KIRSCHNER","country":null,"signature":"\/data\/signatures\/benjamin_kirschner.svg"},{"firstname":"Benjamin","lastname":"FIEVET","country":null,"signature":"\/data\/signatures\/benjamin_fievet.svg"},{"firstname":"Benjamin","lastname":"CARANTINO","country":null,"signature":"\/data\/signatures\/benjamin_carantino.svg"},{"firstname":"Beatrice","lastname":"BRINDELLE","country":null,"signature":"\/data\/signatures\/beatrice_brindelle.svg"},{"firstname":"Beatrice","lastname":"AUGIER","country":null,"signature":"\/data\/signatures\/beatrice_augier.svg"},{"firstname":"Batuhan","lastname":"ILKSOY","country":null,"signature":"\/data\/signatures\/batuhan_ilksoy.svg"},{"firstname":"Bastien","lastname":"RACCARY","country":null,"signature":"\/data\/signatures\/bastien_raccary.svg"},{"firstname":"Bastien","lastname":"ORTIZ","country":null,"signature":"\/data\/signatures\/bastien_ortiz.svg"},{"firstname":"Baptiste ","lastname":"GONZALEZ","country":null,"signature":"\/data\/signatures\/baptiste _gonzalez.svg"},{"firstname":"Aymeric","lastname":"LICHTENAUER","country":null,"signature":"\/data\/signatures\/aymeric_lichtenauer.svg"},{"firstname":"Axel","lastname":"VOITIER","country":null,"signature":"\/data\/signatures\/axel_voitier.svg"},{"firstname":"Aurelien","lastname":"MAEHL","country":null,"signature":"\/data\/signatures\/aurelien_maehl.svg"},{"firstname":"Audren","lastname":"VANZALK","country":null,"signature":"\/data\/signatures\/audren_vanzalk.svg"},{"firstname":"Aude","lastname":"FARAVELLI","country":null,"signature":"\/data\/signatures\/aude_faravelli.svg"},{"firstname":"Arthur","lastname":"PUISSANT","country":null,"signature":"\/data\/signatures\/arthur_puissant.svg"},{"firstname":"Arthur","lastname":"LAUDRAIN","country":null,"signature":"\/data\/signatures\/arthur_laudrain.svg"},{"firstname":"Arthur","lastname":"LAMBERT","country":null,"signature":"\/data\/signatures\/arthur_lambert.svg"},{"firstname":"Arthur ","lastname":"SAUZAY","country":null,"signature":"\/data\/signatures\/arthur _sauzay.svg"},{"firstname":"Arnaud ","lastname":"CUISINIER ","country":null,"signature":"\/data\/signatures\/arnaud _cuisinier .svg"},{"firstname":"Armand","lastname":"DUPONT","country":null,"signature":"\/data\/signatures\/armand_dupont.svg"},{"firstname":"Antoine","lastname":"GLAUD","country":null,"signature":"\/data\/signatures\/antoine_glaud.svg"},{"firstname":"Anthony","lastname":"SIMONETTA","country":null,"signature":"\/data\/signatures\/anthony_simonetta.svg"},{"firstname":"Anthony","lastname":"GUICHARD","country":null,"signature":"\/data\/signatures\/anthony_guichard.svg"},{"firstname":"Anthony","lastname":"BERGER","country":null,"signature":"\/data\/signatures\/anthony_berger.svg"},{"firstname":"Annick","lastname":"LE DUFF","country":null,"signature":"\/data\/signatures\/annick_le duff.svg"},{"firstname":"Annick","lastname":"HERLAUD","country":null,"signature":"\/data\/signatures\/annick_herlaud.svg"},{"firstname":"Anne","lastname":"ROUBET","country":null,"signature":"\/data\/signatures\/anne_roubet.svg"},{"firstname":"Anne","lastname":"MEYER","country":null,"signature":"\/data\/signatures\/anne_meyer.svg"},{"firstname":"Anne","lastname":"DARDELET","country":null,"signature":"\/data\/signatures\/anne_dardelet.svg"},{"firstname":"Anne-sophie","lastname":"CHON\u00e9","country":null,"signature":"\/data\/signatures\/anne-sophie_chon\u00e9.svg"},{"firstname":"Anne-angele","lastname":"NYAMBITA","country":null,"signature":"\/data\/signatures\/anne-angele_nyambita.svg"},{"firstname":"Annabelle","lastname":"FERRY","country":null,"signature":"\/data\/signatures\/annabelle_ferry.svg"},{"firstname":"Ang\u00e8le","lastname":"COU\u00ebLLAN","country":null,"signature":"\/data\/signatures\/ang\u00e8le_cou\u00ebllan.svg"},{"firstname":"Andr\u00e9 ","lastname":"LEMETTRE ","country":null,"signature":"\/data\/signatures\/andr\u00e9 _lemettre .svg"},{"firstname":"Andra","lastname":"MOROSI","country":null,"signature":"\/data\/signatures\/andra_morosi.svg"},{"firstname":"Anais","lastname":"GERVAIS","country":null,"signature":"\/data\/signatures\/anais_gervais.svg"},{"firstname":"Amandine","lastname":"MESLAND ","country":null,"signature":"\/data\/signatures\/amandine_mesland .svg"},{"firstname":"Allan","lastname":"BOUAMRANE","country":null,"signature":"\/data\/signatures\/allan_bouamrane.svg"},{"firstname":"Alexis","lastname":"MASSART","country":null,"signature":"\/data\/signatures\/alexis_massart.svg"},{"firstname":"Alexandre","lastname":"LION","country":null,"signature":"\/data\/signatures\/alexandre_lion.svg"},{"firstname":"Alexandre","lastname":"BELLEMIN-LAPONNAZ","country":null,"signature":"\/data\/signatures\/alexandre_bellemin-laponnaz.svg"},{"firstname":"Aleksy ","lastname":"FICHOT ","country":null,"signature":"\/data\/signatures\/aleksy _fichot .svg"},{"firstname":"Alain","lastname":"ROSART","country":null,"signature":"\/data\/signatures\/alain_rosart.svg"},{"firstname":"Alain","lastname":"LIME","country":null,"signature":"\/data\/signatures\/alain_lime.svg"},{"firstname":"Alain","lastname":"CASSUTO","country":null,"signature":"\/data\/signatures\/alain_cassuto.svg"},{"firstname":"Agn\u00e8s","lastname":"LECOMTE","country":null,"signature":"\/data\/signatures\/agn\u00e8s_lecomte.svg"},{"firstname":"Agn\u00e8s ","lastname":"BOURR\u00e9-FOURNIER ","country":null,"signature":"\/data\/signatures\/agn\u00e8s _bourr\u00e9-fournier .svg"},{"firstname":"Adrien","lastname":"GLAS","country":null,"signature":"\/data\/signatures\/adrien_glas.svg"},{"firstname":"Abdoulaye","lastname":"TOUR\u00e9","country":null,"signature":"\/data\/signatures\/abdoulaye_tour\u00e9.svg"}]